run-tests: 337 discovered suites (39 owned by dedicated scripts)

▶ src/__tests__/activate-topic-stale.test.tsx

activate topic stale completion
  PASS  held activation does not flip the tab early
  PASS  stale activation must not flip the visible tab
  PASS  stale activation must not delete the visible tab's cached state
  PASS  queued click invalidates the running activation (no flip to tab-y)
  PASS  queued click keeps the visible tab's cached state intact
  PASS  A starts the rapid switch with a visible ask
  PASS  A→X renders the slow target optimistically
  PASS  A→X→A returns to the prompt owner
  PASS  returning to A preserves its ask
  PASS  post-activation replay is scoped to A
  PASS  late X activation cannot replace A
  PASS  late X activation reasserts A as backend owner
  PASS  late X completion cannot clear A's ask

13 passed, 0 failed

▶ src/__tests__/active-tab-mirror.test.tsx
active tab mirror: commit-following writes, async reads and unmount release passed

▶ src/__tests__/activity-bar-store.test.ts
  PASS  store persists under reasonix.dock.tabs
  PASS  openEntry opens the first tab
  PASS  openEntry activates the tab
  PASS  openEntry appends a different type
  PASS  openEntry reuses same-type tab
  PASS  openEntry switches back to the reused tab
  PASS  opening a tab expands the container
  PASS  closeTab removes the tab
  PASS  closing a non-active tab keeps the active tab
  PASS  closeTab activates left neighbor
  PASS  closing the last tab clears activeTabId
  PASS  closing the last tab collapses the container
  PASS  persistence writes tabs
  PASS  persistence writes activeTabId
  PASS  collapse via setActivityBarOpen keeps tabs
  PASS  collapse via setActivityBarOpen closes the container
  PASS  re-expand restores the container
  PASS  addMenuOpen setter works
  PASS  fresh tab ids are unique
  PASS  moveTab left places the tab before the target
  PASS  moveTab persists
  PASS  moveTab right places the tab after the target
  PASS  moveTab keeps the active tab
  PASS  moveTab same id is a no-op
  PASS  closeTab records the closed tab
  PASS  closeTab stamps the close time
  PASS  the closed tab is gone from the list
  PASS  reopenTab restores the tab
  PASS  reopenTab activates it
  PASS  reopenTab drops it from the closed list
  PASS  reopenTab persists the restored tab
  PASS  recently closed is bounded to 10 newest first
  PASS  new project has no closed tabs
  PASS  cannot reopen another project's tab
  PASS  returning restores A closed history
  PASS  reopen preserves B identity

activity-bar-store: 36 passed, 0 failed

▶ src/__tests__/anchored-popover-scroll.test.tsx

anchored popover scroll positioning
  PASS  unmeasured popover uses the visible horizontal fallback
  PASS  unmeasured popover uses the visible vertical fallback
  PASS  unmeasured popover remains visible
  PASS  fallback position does not pretend layout is ready
  PASS  popover starts below the anchor
  PASS  popover becomes ready after measurement recovers
  PASS  popover follows the anchor after a scroll event
  PASS  popover keeps its last valid position while the anchor is unavailable
  PASS  temporary anchor loss keeps the last measured position ready

9 passed, 0 failed

▶ src/__tests__/app-chrome-tabs.test.ts

app chrome tabs
  PASS  identical tab metadata suppresses redundant state writes
  PASS  runtime tab changes still invalidate metadata state
  PASS  visible tab metadata fallback runs at low frequency
  PASS  hidden tab metadata fallback backs off further
  PASS  turn start refreshes tab runtime metadata immediately
  PASS  approval prompts refresh tab runtime metadata immediately
  PASS  stream deltas do not trigger tab-list requests
  PASS  tab metadata refresh caps outstanding backend calls
  PASS  saturated tab metadata refresh joins the newest request
  PASS  saturated tab metadata refresh returns authoritative tabs instead of an empty sentinel
  PASS  coalesced newest tab metadata remains eligible to update state
  PASS  an older tab metadata response cannot replace a newer snapshot
  PASS  pre-mutation tab metadata fills both in-flight slots
  PASS  post-mutation refresh does not start until an in-flight slot frees
  PASS  post-mutation refresh starts as a trailing load after a slot frees
  PASS  pre-mutation snapshot is not authoritative after invalidate
  PASS  post-mutation refresh does not join a pre-mutation request
  PASS  post-mutation refresh returns the mutation-after snapshot
  PASS  post-mutation trailing refresh remains eligible to update state
  PASS  pre-mutation coalesced request cannot overwrite post-mutation state
  PASS  queued invalidations retain only the latest trailing load
  PASS  queued invalidations fence the pre-mutation load
  PASS  an older queued mutation waits for the latest post-mutation snapshot
  PASS  the latest queued mutation receives its post-mutation snapshot
  PASS  the shared trailing snapshot remains authoritative
  PASS  tab metadata refresh is event-driven with a visibility-aware fallback
  PASS  right dock open state is restored from per-project localStorage with expanded first-launch default
  PASS  workbench chrome is hidden for every desktop platform
  PASS  workbench keeps chrome controls in the topic bar
  PASS  retired transcript reveal state is removed
  PASS  jump-to-bottom affordance uses localized transcript text
  PASS  command palette highlights the first item when opened with an empty query
  PASS  topic shortcuts use the resolved desktop platform
  PASS  topic shortcut badges render the platform-specific modifier
  PASS  topic shortcut badge state is cleared when disabled, interrupted, or cleaned up
  PASS  session-changing controller actions use explicit tab-scoped bridge bindings
  PASS  rewind previews warn on incomplete coverage and only authorize file overwrite after a conflict confirmation
  PASS  Welcome stays suppressed through target data commit and navigation settles only after paint readiness
  PASS  Creation hero composer auto-grows multi-line drafts instead of clipping at 20px
  PASS  topic, blank, IM, and history navigation all use the shared coalescing path
  PASS  history navigation does not re-resume a session that topic activation already pinned
  PASS  Windows sidebar avoids native window drag without changing other platforms
  PASS  the shell bar is the window drag surface and opts its controls out
  PASS  transcript content does not participate in native app-region subtraction
  PASS  the chat pane clips overflow so zoomed transcript boxes cannot paint into the shell bar
  PASS  Windows Creation stays 40px while macOS and Linux keep the shared Creation geometry
  PASS  the shell bar spans every column as the layout's first row
  PASS  macOS leaves safe space for inset window controls on the shell bar, not the sidebar
  PASS  the dock's control strip is not a window drag region, so every control stays clickable
  PASS  the dock panel stretches its tab container so in-dock popovers are not clipped
  PASS  active dock tab underline is removed in favor of the rounded-rect selected state
  PASS  .app--workbench .workbench-dock__tab + .workbench-dock__tab::before renders a restrained divider between right-dock tabs
  PASS  Creation right-dock tabs keep their equal-column treatment without dividers
  PASS  the Windows caption inset sits on the shell bar, not on the dock's tools row
  PASS  workbench keeps compact four-tab spacing at narrow dock widths
  PASS  :root[data-theme-style] .app--workbench .topicbar stays flat after removing the workbench chrome row
  PASS  :root[data-theme-style] .app--workbench .topicbar__chrome-btn stays flat after removing the workbench chrome row
  PASS  :root[data-theme-style] .app--workbench .topicbar__icon-btn stays flat after removing the workbench chrome row
  PASS  :root[data-theme-style] .app--workbench .topicbar__action-btn stays flat after removing the workbench chrome row
  PASS  workbench topic bar uses elevated background for light-mode white
  PASS  :root[data-theme-style] .app--workbench .topicbar__identity cannot paint residual title-row shadows in workbench mode
  PASS  :root[data-theme-style] .app--workbench .topicbar__title-row cannot paint residual title-row shadows in workbench mode
  PASS  :root[data-theme-style] .app--workbench .topicbar__title-row h1 cannot paint residual title-row shadows in workbench mode
  PASS  :root[data-theme-style] .app--workbench .tooltip-trigger:has(.topicbar__icon-btn) cannot paint residual title-row shadows in workbench mode
  PASS  :root[data-theme-style] .app--workbench .topicbar__icon-btn does not paint a hover block in workbench mode
  PASS  :root[data-theme-style] .app--workbench .topicbar__chrome-btn does not paint a hover block in workbench mode
  PASS  :root[data-theme-style] .app--workbench .topicbar__icon-btn:hover does not paint a hover block in workbench mode
  PASS  :root[data-theme-style] .app--workbench .topicbar__icon-btn:focus-visible does not paint a hover block in workbench mode
  PASS  :root[data-theme-style] .app--workbench .topicbar__chrome-btn:hover:not(.topicbar__chrome-btn--blocked) does not paint a hover block in workbench mode
  PASS  :root[data-theme-style] .app--workbench .topicbar__chrome-btn:focus-visible:not(.topicbar__chrome-btn--blocked) does not paint a hover block in workbench mode
  PASS  offscreen skip link does not leak its focus shadow into the workbench title area
  PASS  title-bar double click zooms on macOS as well as frameless Windows
  PASS  title-bar double click still ignores interactive controls

73 passed, 0 failed

▶ src/__tests__/app-lifecycle-probe.test.ts
PASS lifecycle probe exposes retained cohorts and duplicate cleanup

▶ src/__tests__/app-lifecycle.test.tsx
PASS App committed commands and source-bound operation ownership are lifecycle safe

▶ src/__tests__/approval-animation.test.tsx

approval shelf animation
  PASS  shelf exit passes a valid CSS easing to Element.animate
  PASS  approval waits for the shelf exit animation
  PASS  approval starts one shelf exit animation
  PASS  finish and late cancel submit the approval only once
  PASS  finished animation preserves the selected approval
  PASS  cancelled shelf animation still submits the approval once
  PASS  a rejected animation is not retried by a second confirm
  PASS  a rejected animation falls back to one approval submission
  PASS  animation fallback preserves the selected approval

9 passed, 0 failed, 9 total

▶ src/__tests__/approval-modal-file-reference.test.tsx

approval modal file references
  PASS  plan revision file trigger ignores an invisible trailing newline
  PASS  plan revision file selection removes an invisible trailing newline
  PASS  plan revision @ text opens file suggestions
  PASS  plan revision file suggestions stay scoped to the active tab
  PASS  file suggestion completes inline in the plan revision
  PASS  submitted plan revision keeps the selected file reference
  PASS  sandbox escape approval keeps the command visible in Chinese UI
  PASS  sandbox escape approval removes the redundant scope prefix from the command block
  PASS  sandbox escape approval renders the command once
  PASS  sandbox escape approval localizes the retired Windows backend reason in Chinese UI
  PASS  sandbox escape Chinese approval shows allow once
  PASS  sandbox escape Chinese approval shows session grant
  PASS  sandbox escape Chinese approval shows deny
  PASS  sandbox escape Chinese approval hides persistent grant
  PASS  sandbox escape approval localizes the runtime failure reason in Chinese UI
  PASS  remember approval localizes tool label in Chinese UI
  PASS  remember approval localizes subject prefix in Chinese UI
  PASS  remember approval localizes body label in Chinese UI
  PASS  plan-mode read-only command approval localizes tool label in Chinese UI
  PASS  plan-mode read-only command approval localizes subject in Chinese UI
  PASS  plan-mode read-only command approval localizes reason in Chinese UI
  PASS  approval identifies the exact matched permission rule
  PASS  dynamic Bash approval explains the matched safety boundary in Chinese
  PASS  dynamic Bash approval tells the user how to grant the command
  PASS  opening plan revision focuses its textarea once
  PASS  parent rerender does not return focus to plan revision
  PASS  parent rerender preserves transcript text selection
  PASS  workspace add-reference insert request targets the plan revision input
  PASS  plan revision reports itself as the active workspace insertion target
  PASS  tool approval shows its full subject by default
  PASS  default-open tool approval keeps the complete subject visible
  PASS  tool approval renders the command once instead of repeating it in header metadata
  PASS  tool approval omits duplicate subject metadata
  PASS  ordinary tool approval exposes four select-then-confirm options
  PASS  default selection is allow once
  PASS  persistent option carries a native title fallback
  PASS  decision surface shows an explicit confirm button
  PASS  clicking an option only changes selection
  PASS  selection state updates without submitting
  PASS  fresh-human approval shows allow once
  PASS  fresh-human approval shows deny
  PASS  fresh-human approval hides session grant
  PASS  fresh-human approval hides persistent grant
  PASS  fresh-human approval keeps conventional allow/deny shortcut keys with inline consequences
  PASS  clicking allow once only selects; does not approve yet
  PASS  fresh-human approval allows only once after confirm
  PASS  fresh-human numeric 2 only selects deny
  PASS  fresh-human Enter after digit 2 denies
  PASS  sandbox escape approval uses a clear tool label
  PASS  sandbox escape approval shows allow once
  PASS  sandbox escape approval shows session grant
  PASS  sandbox escape approval shows deny
  PASS  sandbox escape approval hides persistent grant
  PASS  sandbox escape keeps three options
  PASS  sandbox escape Enter on selected session action grants session
  PASS  sandbox escape numeric 3 only selects deny
  PASS  sandbox escape Enter after digit 3 denies
  PASS  current approval session file refs stay visible
  PASS  late approval session file refs are ignored

59 passed, 0 failed, 59 total

▶ src/__tests__/ask-card-identity.test.tsx
  PASS  keyboard focus and Enter submit the custom answer exactly once
  PASS  drafts follow tab, runtime, turn, and prompt identity across replay and replacement

▶ src/__tests__/ask-card-layout.test.ts

ask card layout
  PASS  ask question text remains complete in the prompt shelf
  PASS  ask question can wrap instead of staying on one line
  PASS  ask question is not clipped by the prompt shelf
  PASS  ask question does not render as an ellipsis-only preview
  PASS  long unspaced ask questions can break within the shelf
  PASS  ask prompt shelf keeps dialog semantics
  PASS  ask uses the unified decision surface layout
  PASS  Ask card stays bounded by the viewport
  PASS  Ask card delegates overflow to one content scroller
  PASS  Ask title, question, and options share one scroll region
  PASS  Ask confirmation footer stays outside the scrolling content
  PASS  Ask skip is a quiet footer action
  PASS  ask renders only selectable options; custom answer is an always-visible input row
  PASS  option descriptions render inline on each decision row
  PASS  decision row wrappers accommodate optional external details
  PASS  decision rows stay content-sized at the top of the scroll region
  PASS  Ask options do not create a nested scroll region
  PASS  Ask option overflow belongs to the shared content scroller
  PASS  desktop decision rows keep a stable compact height
  PASS  short decision rows retain a compact click target
  PASS  single-line decision copy stays vertically centered with the option key
  PASS  decision keys do not carry a top offset
  PASS  decision option labels size to content while staying capped at 44% of the row
  PASS  decision option labels never resolve their width cap against their own content-sized track
  PASS  long option descriptions stay on one stable summary line
  PASS  Ask summaries use ordinary single-line flow
  PASS  collapsed Ask summaries stay inside their row
  PASS  selection never changes the summary to two lines
  PASS  long summaries end with a clear ellipsis
  PASS  unspaced summaries stay clipped inside the stable row
  PASS  normal short labels preserve the existing description tooltip
  PASS  truncated descriptions expose an explicit full-text action
  PASS  full description starts collapsed
  PASS  disclosure identifies the separate detail region
  PASS  full detail region starts hidden
  PASS  Enter on Ask disclosure never confirms the selected answer
  PASS  Ask disclosure owns keyboard activation before global shortcuts
  PASS  Enter expands the Ask description
  PASS  Enter collapses the Ask description again
  PASS  opening details does not resize the selected row
  PASS  expanded state is announced
  PASS  opening details keeps the selected row vertically centered
  PASS  the row summary remains clipped after opening details
  PASS  full description opens in a separate region
  PASS  opened detail scrolls above the fixed decision footer
  PASS  separate detail region reveals the complete text
  PASS  separate detail region can be collapsed again
  PASS  collapsed state is announced
  PASS  short selected descriptions do not show a redundant disclosure
  PASS  single-select click advances without submitting the final answer
  PASS  confirm submits the selected single-select answer
  PASS  submitted answer matches the selected option
  PASS  label-only decisions use the full copy width before truncating
  PASS  overflowing legacy labels keep the stable compact row
  PASS  overflowing labels retain their complete native tooltip
  PASS  overflowing label detail starts collapsed
  PASS  overflowing label can be expanded outside the stable row
  PASS  opened label detail is brought into the visible decision scroller
  PASS  label-only detail reveals the original complete decision text once
  PASS  full label detail wraps instead of being ellipsized again
  PASS  opening a long label never submits the decision
  PASS  long label decision still submits normally
  PASS  display fallback does not alter the answer value
  PASS  multi-select confirm stays disabled until an option is chosen
  PASS  multi-select confirm enables after selecting one option
  PASS  multi-select click does not submit
  PASS  multi-select confirm submits once
  PASS  multi-select keeps chosen labels
  PASS  initial keyboard cursor marks the first option
  PASS  initial option cursor enables confirm without a click
  PASS  ArrowDown moves the single-select cursor off the first row
  PASS  ArrowDown selects the second option visually
  PASS  keyboard selection stays inside the visible option viewport
  PASS  ArrowDown keeps confirm enabled for the highlighted option
  PASS  ArrowDown+Enter submits the highlighted single-select option
  PASS  submitted answer matches the keyboard cursor
  PASS  initial Enter submits without a prior click
  PASS  initial Enter uses the first highlighted option
  PASS  custom input accepts a draft
  PASS  selecting an option clears the visible custom draft without removing the input row
TypeError: activeElement$1.attachEvent is not a function
    at handleEventsForInputEventPolyfill (<repo>/desktop/node_modules/.pnpm/react-dom@19.2.8_react@19.2.8/node_modules/react-dom/cjs/react-dom-client.development.js:3573:27)
    at <repo>/desktop/node_modules/.pnpm/react-dom@19.2.8_react@19.2.8/node_modules/react-dom/cjs/react-dom-client.development.js:19638:15
    at batchedUpdates$1 (<repo>/desktop/node_modules/.pnpm/react-dom@19.2.8_react@19.2.8/node_modules/react-dom/cjs/react-dom-client.development.js:3252:40)
    at dispatchEventForPluginEventSystem (<repo>/desktop/node_modules/.pnpm/react-dom@19.2.8_react@19.2.8/node_modules/react-dom/cjs/react-dom-client.development.js:19320:7)
    at dispatchEvent (<repo>/desktop/node_modules/.pnpm/react-dom@19.2.8_react@19.2.8/node_modules/react-dom/cjs/react-dom-client.development.js:23585:11)
    at dispatchDiscreteEvent (<repo>/desktop/node_modules/.pnpm/react-dom@19.2.8_react@19.2.8/node_modules/react-dom/cjs/react-dom-client.development.js:23553:11)
    at HTMLDivElement.callTheUserObjectsOperation (<repo>/desktop/node_modules/.pnpm/jsdom@30.0.1/node_modules/jsdom/lib/generated/idl/EventListener.js:26:30)
    at innerInvokeEventListeners (<repo>/desktop/node_modules/.pnpm/jsdom@30.0.1/node_modules/jsdom/lib/jsdom/living/events/EventTarget-impl.js:360:16)
    at invokeEventListeners (<repo>/desktop/node_modules/.pnpm/jsdom@30.0.1/node_modules/jsdom/lib/jsdom/living/events/EventTarget-impl.js:296:3)
    at HTMLInputElementImpl._dispatch (<repo>/desktop/node_modules/.pnpm/jsdom@30.0.1/node_modules/jsdom/lib/jsdom/living/events/EventTarget-impl.js:243:9)
  PASS  reopening custom restores the draft
  PASS  custom mode submits the restored draft
  PASS  multi-select cursor alone is not aria-selected
  PASS  multi-select marks the keyboard cursor with data-active
  PASS  multi-select confirm stays disabled until an option is checked
  PASS  ArrowDown clears the previous multi-select cursor
  PASS  ArrowDown moves the multi-select cursor
  PASS  ArrowDown does not check the multi-select option
  PASS  ArrowDown alone does not enable multi-select confirm
  PASS  click checks the multi-select option
  PASS  multi-select confirm enables after a real check
  PASS  multi-question Ask advances to question 2
  PASS  Back returns to the previous question
  PASS  previous question accepts a replacement choice
  PASS  failed final submit is attempted exactly once
  PASS  failed final submit stays on question 2
  PASS  failed final submit preserves the revised first answer
  PASS  failed final submit preserves the second answer
  PASS  failed final submit re-enables retry
  PASS  retry submits once after the failure
  PASS  retry submits the preserved answer batch
  PASS  skipping the final question submits once
  PASS  skipping submits an empty answer
  PASS  Ask exposes the shared collapsible shelf contract
  PASS  Ask starts expanded
  PASS  collapse action hides the Ask body
  PASS  collapsed Ask keeps its header visible
  PASS  collapsed Ask hides its option list
  PASS  collapsed Ask hides its footer
  PASS  expand action restores the Ask body
  PASS  clicking an option does not collapse the Ask
  PASS  Ask drafts do not cross tab scopes
  PASS  a remounted Ask starts expanded like harness
  PASS  Ask answer draft restores within the tab scope

114 passed, 0 failed, 114 total

▶ src/__tests__/ask-submit.test.ts

Ask prompt active-turn submission
  PASS  Ask refreshes the authoritative turn before submission
  PASS  authoritative turn fences the exact answer
  PASS  missing local turn id is resolved from ListTabs once
  PASS  resolved turn id fences the exact answer
  PASS  missing authoritative turn id rejects visibly
  PASS  missing turn id never calls the exact endpoint with an empty fence
  PASS  authoritative turn lookup failure propagates
  PASS  failed turn lookup never calls the exact endpoint
  PASS  exact endpoint rejection propagates to the decision surface
  PASS  missing exact prompt API fails closed

10 passed, 0 failed, 10 total

▶ src/__tests__/at-matches.test.ts

at-matches filter
  PASS  src/planind/index.tsx + planind → surfaces the nested file
  PASS  src/planind/index.tsx + index → still surfaces via basename
  PASS  entries ∩ searchEntries with same name dedup to one
  PASS  local entries precede fuzzy search hits, no dupes
  PASS  empty fragment includes every entry (legacy behavior preserved)
  PASS  external display name participates in filtering while preserving token path
  PASS  external entries with the same submitted path dedup to one

7 passed, 0 failed


▶ src/__tests__/attachment-display.test.ts

attachment display
  PASS  removes named display refs from message text
  PASS  preserves original display names for attachment cards
  PASS  sorts images before files while keeping groups stable
  PASS  compact previews use named display refs
  PASS  restores named display refs for submit
  PASS  formats attachment display refs for edit replay
  PASS  formats raw attachment refs for edit replay submit
  PASS  extracts Windows path basenames
  PASS  extracts POSIX path basenames
  PASS  removes an escaped workspace ref from message text
  PASS  escaped workspace ref becomes one full badge with the unescaped path
  PASS  workspace display refs escape whitespace for lossless edit replay
  PASS  workspace submit refs escape whitespace so @-token parsing resolves them

13 passed, 0 failed, 13 total

▶ src/__tests__/automation-drafts.test.ts
PASS automation draft merge, conflict, engine state, locking, stale completion and deletion contracts

▶ src/__tests__/automation-management.test.tsx
PASS automation page/filter retention, save-switch race, failure and unmount draft retention

▶ src/__tests__/automation-navigation-lifecycle.test.tsx
automation navigation: accepted-target return, page ABA, exact finally and disposal passed

▶ src/__tests__/automation-regions.test.tsx
An empty string ("") was passed to the src attribute. This may cause the browser to download the whole page again over the network. To fix this, either do not render the element at all or pass null to src instead of an empty string.
An empty string ("") was passed to the src attribute. This may cause the browser to download the whole page again over the network. To fix this, either do not render the element at all or pass null to src instead of an empty string.
An empty string ("") was passed to the src attribute. This may cause the browser to download the whole page again over the network. To fix this, either do not render the element at all or pass null to src instead of an empty string.
An empty string ("") was passed to the src attribute. This may cause the browser to download the whole page again over the network. To fix this, either do not render the element at all or pass null to src instead of an empty string.
automation regions: shared layout page projection passed

▶ src/__tests__/automation-surface-layout.test.ts
PASS shared management geometry, input isolation, terminal retention and native titlebar dispatch

▶ src/__tests__/bench-hydration-delay.test.ts
PASS only the explicit memory soak omits synthetic latency; browser/native fixtures keep delayed hydration

▶ src/__tests__/blank-project-dialog.test.tsx

blank project creation
  PASS  empty names are rejected before IPC
  PASS  nested paths are rejected before IPC
  PASS  a single folder name is accepted
  PASS  creation uses an accessible modal dialog
  PASS  the chosen parent folder is shown before creation
  PASS  project name receives initial focus
  PASS  create stays disabled until the name is valid
  PASS  a valid project name enables creation
  PASS  submission trims and forwards the project name
  PASS  Escape cancels the dialog
  PASS  workbench menu starts the blank-project flow
  PASS  the dialog delegates atomic directory creation to Go
  PASS  the new directory reuses workspace navigation and registration
  PASS  the creation flow stays outside the startup bundle
  PASS  the live flow picks, creates, opens, refreshes, and closes in order

15 passed, 0 failed

▶ src/__tests__/bot-connection-settings.test.ts
bot connection settings: DingTalk label passed

▶ src/__tests__/bridge-breadcrumbs.test.ts

bridge breadcrumbs
  PASS  records bridge start and completion timing breadcrumbs
  PASS  records bridge start breadcrumb before failed calls
  PASS  records bridge failure timing breadcrumbs

3 passed, 0 failed

▶ src/__tests__/bridge-mock-approval-mode.test.ts

bridge mock approval mode
  PASS  legacy plan switch keeps explicit auto approval mode
  PASS  legacy normal switch keeps explicit auto approval mode
  PASS  legacy yolo switch still enables yolo approval mode
  PASS  legacy non-yolo switch clears yolo back to ask

4 passed, 0 failed

▶ src/__tests__/browser-control-settings.test.tsx
browser control settings page

▶ src/__tests__/browser-dock-mode.test.tsx

browser dock mode
browser dock mode: gating, tab render and lazy mount passed

▶ src/__tests__/browser-panel-store.test.ts

browser panel store
  PASS  tab projection per task, activation sync and detach
  PASS  address submission, draft lifecycle, open, zoom and close
  PASS  host errors are surfaced through the bound notifier
  PASS  download strip bookkeeping
  PASS  address normalisation
  PASS  zoom presets
browser panel store: all checks passed

▶ src/__tests__/browser-panel.test.tsx

browser panel
browser panel: empty, loading, error, take-over, downloads, keyboard and toast states passed

▶ src/__tests__/browser-surface-layout.test.ts

browser surface layout
  PASS  rect math, dedupe, ancestor scroll, resize and detach
  PASS  overlay gate follows [data-app-overlay] presence
browser surface layout: all checks passed

▶ src/__tests__/bundle-contract.test.ts

bundle contract
  PASS  App keeps session export code out of the initial chunk
  PASS  App loads session export code on demand
  PASS  App keeps secondary drawers out of the initial chunk
  PASS  Overlay Host owns lazy secondary drawer imports without an eager runtime edge
  PASS  App keeps the project tree out of the first-paint bundle
  PASS  Sidebar Region owns the lazy project tree import without an eager runtime edge
  PASS  Workspace dock owns the lazy browser panel import without an eager runtime edge
  PASS  Recovery worker stays behind the synchronous resync listener without an eager runtime edge
  PASS  Fork actions load with message actions while the bridge imports only their mock implementation
  PASS  Settings CSS stays in the lazy production entry without breaking direct module tests
  PASS  Remote wizard CSS stays in its lazy production entry without breaking direct module tests
  PASS  App has no dedicated history-page entry points
  PASS  Trash and existing session search remain available
  PASS  Workbench footer distributes its three utility actions evenly
  PASS  Creation footer distributes search, trash, and settings evenly
  PASS  SettingsPanel keeps secondary settings pages out of the first settings chunk
  PASS  SettingsPanel loads secondary settings pages on demand
  PASS  SettingsPanel keeps QR rendering code out of the first settings chunk
  PASS  SettingsPanel loads QR rendering code on demand
  PASS  Markdown wrapper keeps markdown/math vendor code out of the initial chunk
  PASS  Markdown wrapper loads markdown renderer on demand
  PASS  Markdown local-path support avoids RegExp lookbehind required by newer WebKit
  PASS  i18n keeps Chinese dictionaries out of the unconditional initial chunk
  PASS  i18n loads Chinese dictionaries on demand
  PASS  main preloads the detected locale before mounting React

25 passed, 0 failed

▶ src/__tests__/capabilities-panel-actions.test.ts
capabilities panel MCP actions

▶ src/__tests__/capability-busy-notice.test.ts

▶ src/__tests__/chat-content-loader.test.ts
chat content: concurrency, deduplication, generation and cleanup races passed

▶ src/__tests__/chat-details-race.test.tsx
tool details: old target completion cannot overwrite the current drawer; session replacement closes details

▶ src/__tests__/chat-natural-flow.test.tsx
chat natural flow: process disclosure, details, 60-commit cascade and session isolation passed

▶ src/__tests__/chat-scroll-controller.test.ts
chat scroll: reader intent, prepend, growth, jump, no-op and stale observer tests passed

▶ src/__tests__/chat-view-source.test.ts
chat view: stable streaming, settlement, prepend, fold, incomplete history and disposal passed

▶ src/__tests__/checkpoint-turn-event.test.ts

turn checkpoint submission binding
  PASS  submission correlation is tab-scoped
  PASS  submission correlation changes across session reset
  PASS  submission correlation changes across runtime epoch
  PASS  submission correlation changes across local sequence
  PASS  render item id and opaque submission correlation stay distinct
  PASS  turn zero is assigned by exact submission id
  PASS  TurnDone clears the settled item's correlation
  PASS  matching TurnDone confirms the optimistic submit
  PASS  intervening items cannot change the target
  PASS  TurnDone without submission id cannot stamp a local user
  PASS  id-less TurnDone cannot confirm a pending submission
  PASS  unknown submission id cannot rewrite another user
  PASS  matching checkpoint-less TurnDone still settles the correlation
  PASS  duplicate TurnDone cannot backfill a settled checkpoint-less turn
  PASS  successful local command Promise confirms its exact correlation
  PASS  management command stays non-rewindable
  PASS  the next normal turn maps independently after a no-TurnDone command
  PASS  an older history revision cannot replace the current transcript projection
  PASS  old-id runtime activity cannot confirm the new pending user
  PASS  matching non-TurnDone activity confirms the pending user
  PASS  uncorrelated extension activity cannot confirm a pending user
  PASS  exactly correlated extension activity confirms the pending user
  PASS  a missing A TurnDone does not consume B ownership
  PASS  B maps by id even when A TurnDone never arrives
  PASS  late A TurnDone still maps exact A
  PASS  late A TurnDone cannot stamp B
  PASS  late A TurnDone cannot confirm B pending state
  PASS  late A TurnDone cannot flush B pending text
  PASS  B later receives its own checkpoint
  PASS  A maps before B rejection
  PASS  B rejection marks only B
  PASS  failed B remains non-rewindable
  PASS  C maps normally after the rejected B gap
  PASS  out-of-order A completion still maps A
  PASS  out-of-order B completion still maps B
  PASS  shell TurnDone without submission id stays non-rewindable
  PASS  shell completion cannot offset the following normal turn
  PASS  error TurnDone maps an admitted checkpoint by id
  PASS  error TurnDone still surfaces its warning
  PASS  first equal-text user keeps its checkpoint
  PASS  second equal-text user maps independently by id
  PASS  stale send_failed is a complete no-op for a newer pending id
  PASS  current send_failed marks the exact pending user
  PASS  send_failed clears the rejected item's correlation
  PASS  current send_failed cannot mark an older user
  PASS  send_failed after matching TurnDone is a complete no-op
  PASS  late failure cannot erase an assigned checkpoint
  PASS  duplicate TurnDone cannot overwrite an existing checkpoint
  PASS  session reset removes the old optimistic id target
  PASS  controller rebuild retires the old item correlation
  PASS  late pre-rebuild TurnDone cannot stamp the retired item
  PASS  old-runtime failure cannot clear the rebuilt runtime pending correlation
  PASS  post-rebuild submission maps normally
  PASS  history prepend preserves the exact live item target
  PASS  recent history keeps authoritative metadata
  PASS  prepended history keeps authoritative metadata
  PASS  unknown local id cannot rewrite hydrated history
  PASS  FIFO ownership state is completely removed
  PASS  TurnDone hot path does not refresh full checkpoint history
  PASS  positional checkpoint merge action remains removed
  PASS  TurnDone still refreshes checkpoint metadata

61 passed, 0 failed, 61 total

▶ src/__tests__/checkpoint-turn-transcript.test.tsx
chat branches: checkpoint identity, fork command and capability gates passed

▶ src/__tests__/clear-session-identity-contract.test.ts
  PASS  clear-session identity contract

▶ src/__tests__/clear-session-identity-race.test.ts

clear-session identity race
  PASS  matching path+generation is current
  PASS  path drift after clear is rejected
  PASS  generation-only drift after clear is rejected
  PASS  empty load path does not false-reject
  PASS  after clear, transcript is empty before late A returns
  PASS  after clear, generation is B
  PASS  late A hydrate is not applied after clear to B
  PASS  transcript remains empty after rejected late A
  PASS  live identity path stays B
  PASS  live identity generation stays B

10 passed, 0 failed

▶ src/__tests__/code-block-copy-position.test.tsx

code block copy position
  PASS  HljsCode renders a positioned copy wrapper
  PASS  HljsCode renders the highlighted pre
  PASS  HljsCode renders the copy button
  PASS  scrollable pre is inside the wrapper
  PASS  copy button is a wrapper child
  PASS  copy button is outside the scrollable pre
  PASS  copy button follows pre as a sibling
  PASS  hover reveal targets the wrapper
  PASS  hover reveal no longer depends on pre descendants
  PASS  creation unlabelled code button styles target sibling copy buttons
  PASS  creation unlabelled code styles do not target descendants inside pre
  PASS  creation shell code button styles target sibling copy buttons
  PASS  creation shell code styles do not target descendants inside pre

13 passed, 0 failed

▶ src/__tests__/command-palette-css.test.ts

command palette css
  PASS  palette result rows stay in flex layout
  PASS  palette result rows keep icon and text side-by-side
  PASS  palette text body can shrink before ellipsis
  PASS  .palette__title clips overflow inside the row
  PASS  .palette__title uses ellipsis for long text
  PASS  .palette__title stays on one measured line
  PASS  .palette__hint clips overflow inside the row
  PASS  .palette__hint uses ellipsis for long text
  PASS  .palette__hint stays on one measured line
  PASS  no palette item rule can stack icon above long session text

10 passed, 0 failed

▶ src/__tests__/command-palette-interactions.test.tsx

command palette interactions
  PASS  header esc keycap is a real close button
  PASS  clicking header esc closes the command palette
  PASS  clicking header esc does not run the highlighted command
  PASS  Enter on focused header esc closes the command palette
  PASS  Enter on focused header esc does not run the highlighted command

5 passed, 0 failed

▶ src/__tests__/committed-command-execution.test.tsx
PASS committed capture/executor separates source input from lifecycle-owned effects

▶ src/__tests__/committed-command-lifecycle.test.tsx
PASS unmount revokes command authority synchronously
PASS normal passive setup does not invalidate layout-started work

▶ src/__tests__/completed-turn-telemetry.test.ts
completed-turn telemetry: all assertions passed

▶ src/__tests__/completion-summary-presentation.test.ts
turn result truth, stable identity, concurrent checks, phases and history passed

▶ src/__tests__/completion-summary-ui.test.tsx

completion summary UI
  PASS  completion results remain ordinary records outside folds
  PASS  record preserves its explanation
  PASS  older result preserves its own details
  PASS  newer result preserves its own details
  PASS  retired delivery and verification actions are absent

5 passed, 0 failed

▶ src/__tests__/composer-autosize-scrollbar-css.test.ts

composer autosize scrollbar css
  PASS  autosize textarea hides the scrollbar while content fits
  PASS  autosize textarea hides the webkit scrollbar while content fits
  PASS  overflowing autosize textarea restores the thin scrollbar
  PASS  overflowing autosize textarea restores the webkit scrollbar
  PASS  overflowing autosize scrollbar matches the resized-card width
  PASS  hero input cap is min(30vh, 160px) instead of the 96px hard clip
  PASS  autosize mirror stays outside the composer layout flow
  PASS  autosize mirror is never visible to the user
  PASS  Composer wires the auto-overflow modifier to the autosize overflow state
  PASS  hero input JS cap is min(30vh, 160px)
  PASS  Composer renders a text-synchronized, accessibility-hidden measurement mirror
  PASS  autosize measurement never collapses the live textarea

12 passed, 0 failed

▶ src/__tests__/composer-content-sizing.test.ts

composer content sizing
  PASS  automatic composer follows its content height
  PASS  automatic composer keeps natural card sizing
  PASS  automatic composer stays overflow-free below the cap
  PASS  manual height remains the minimum input baseline
  PASS  short content does not shrink below the manual baseline
  PASS  content can grow beyond the manual input baseline
  PASS  manual composer grows to reveal the longer draft
  PASS  growing content remains visible before the cap
  PASS  manual composer input stops at the viewport-aware cap
  PASS  manual composer card stops at the logical maximum
  PASS  content scrolls internally only after reaching the cap
  PASS  deleting content returns the composer to its manual baseline

12 passed, 0 failed

▶ src/__tests__/composer-context-menu-clipboard.test.tsx
  PASS  undo hint uses the platform modifier
  PASS  redo hint uses the platform modifier
  PASS  cut hint uses the platform modifier
  PASS  paste hint uses the platform modifier
  PASS  no hardcoded mac glyph on a non-mac platform
  PASS  undo is enabled at a programmatic edit boundary
  PASS  redo is disabled before an undo
  PASS  context-menu undo restores the previous composer text
  PASS  older programmatic history remains undoable
  PASS  redo is enabled after context-menu undo
  PASS  context-menu redo restores the undone composer edit
  PASS  failed cut must not delete the selection
  PASS  successful cut removes the selected text
[composer] failed to read native clipboard image Error: no native clipboard image
    at SaveClipboardImage (<repo>/desktop/frontend/src/__tests__/composer-context-menu-clipboard.test.tsx:228:13)
    at Object.invoke (<repo>/desktop/frontend/src/__tests__/desktopHostStub.ts:94:31)
    at Proxy.<anonymous> (<repo>/desktop/frontend/src/lib/desktopHost.ts:205:106)
    at <anonymous> (<repo>/desktop/frontend/src/lib/bridge.ts:996:91)
    at maybeShare (<repo>/desktop/frontend/src/lib/queryCoalesce.ts:63:12)
    at Proxy.<anonymous> (<repo>/desktop/frontend/src/lib/bridge.ts:996:24)
    at attachNativeClipboardImage (<repo>/desktop/frontend/src/components/Composer.tsx:2369:30)
    at pasteIntoComposer (<repo>/desktop/frontend/src/components/Composer.tsx:2710:42)
  PASS  empty-clipboard paste must not erase the selection
  PASS  text paste replaces the selection

15 passed, 0 failed, 15 total

▶ src/__tests__/composer-followup-confirmation.test.tsx
PASS: uncertain follow-up stays bound across phases, selection, edits, and remounts
PASS: same-topic sessions, late receipts, and unbound paths preserve request ownership

▶ src/__tests__/composer-goal-toggle.test.tsx

composer goal toggle
  PASS  plain composer disables browser text assistance
  PASS  insert request populates the composer draft
  PASS  prefix insert preserves the draft as a subagent task
  PASS  prefix insert does not send the subagent task
  PASS  default execution has no mode chip
  PASS  task method menu exposes only Plan and Goal
  PASS  task method menu does not present independent switches
  PASS  Plan menu keeps a single-line label
  PASS  Plan menu does not present Plan as a read-only permission mode
  PASS  enabling goal mode with a draft does not send
  PASS  enabling goal mode switches only the collaboration axis
  PASS  enabling goal mode preserves the prefixed draft text
  PASS  Plan exposes its active mode chip
  PASS  selecting active Plan exits to the implicit default
  PASS  exiting Plan preserves the draft
  PASS  clicking the mode chip exits Plan directly
  PASS  dismissing the chip preserves the draft
  PASS  a skill alone cannot become the initial goal
  PASS  a skill-only initial goal asks for task text
  PASS  the initial goal keeps its visible task text
  PASS  the initial goal preserves the selected skill
  PASS  the initial goal sends structured skill input
  PASS  the initial goal submits the selected skill entity
  PASS  a pasted skill invocation keeps its task as the visible goal
  PASS  a pasted skill invocation keeps its slash display
  PASS  a pasted skill invocation uses structured input
  PASS  a pasted skill invocation resolves the selected command
  PASS  attachment-only input can become the initial Goal
  PASS  attachment-only initial Goal submits the attachment ref
  PASS  attachment-only initial Goal is not a structured skill submit
  PASS  workspace-ref-only input can become the initial Goal
  PASS  workspace-ref-only initial Goal submits the workspace ref
  PASS  workspace-ref-only initial Goal is not a structured skill submit
  PASS  long rich-composer paste folds into a pasted block
  PASS  expanding a pasted block removes its folded control
  PASS  expanding folded text shifts the following invocation to the end of the expanded content
  PASS  removing folded text restores the following invocation offset
  PASS  trimmed structured submission keeps the normalized following invocation offset
  PASS  rich composer disables browser text assistance
  PASS  paste after an invocation inserts on the token's right side
  PASS  rich composer exposes the shared edit context menu
  PASS  rich composer context-menu undo is enabled after paste
  PASS  rich composer context-menu redo is disabled before undo
  PASS  rich composer context-menu undo removes the pasted text
  PASS  rich composer context-menu redo is enabled after undo
  PASS  rich composer context-menu redo restores the pasted text
  PASS  Ctrl+Z restores the rich-composer paste transaction
  PASS  paste undo restores the caret after the invocation token
  PASS  Backspace after paste undo removes the invocation on the caret's left
  PASS  task method trigger exposes an active goal
  PASS  running goal offers a pause action
  PASS  explicit stop action clears the active goal
  PASS  stopping a goal does not race a second mode update
  PASS  dismissing an active goal chip uses the existing clear-goal action
  PASS  goal-mode stop cancels the running turn
  PASS  goal-mode stop clears the active goal
[composer] failed to attach pasted file
  PASS  SavePastedFile rejection shows a visible error
  PASS  failed pasted file attach preserves composer text
  PASS  failed pasted file attach clears the pending state
  PASS  pasted file failure toast does not expose the local path
  PASS  successful pasted file attach still renders the attachment
[composer] failed to attach dropped file
  PASS  AttachDropped rejection shows a visible error
  PASS  failed dropped file attach preserves composer text
  PASS  failed dropped file attach clears the pending state
  PASS  dropped file failure toast does not expose the local path
  PASS  successful dropped file attach still renders the attachment
  PASS  dropped external folder renders as a folder context chip
  PASS  external folder display text uses the real folder path
  PASS  external folder submit text uses the session ref token
  PASS  external search selection removes the token fragment from the draft
  PASS  external search selection submits the session ref token
  PASS  external search selection keeps the real display path
  PASS  local file selection still completes inline text
  PASS  local dir selection still keeps the menu-open slash
  PASS  file selection ignores an invisible trailing newline
  PASS  native file drop prevents browser image navigation
  PASS  outer native file drop target prevents browser image navigation
  PASS  rejected submit attempts the send once
  PASS  rejected submit preserves the composer draft
  PASS  successful submit attempts the send once
  PASS  successful submit clears the composer draft
  PASS  running guidance preview shows a compact queue preview
  PASS  guidance preview shows the first seeded item
  PASS  guidance preview shows the second seeded item
  PASS  guidance preview exposes a guide action for each visible item
  PASS  guidance preview summarizes overflow items
  PASS  guidance overflow starts collapsed
  PASS  guidance overflow expands the remaining queued items
  PASS  expanded guidance preview shows the hidden item
  PASS  expanded guidance overflow can be collapsed
  PASS  guidance overflow reports expanded state
  PASS  guidance overflow collapses back to the compact preview
  PASS  guidance preview refreshes when the seed changes
  PASS  guidance preview renders the refreshed seed
  PASS  guidance preview clears when the mock turn stops
  PASS  running composer explains queued guidance input
  PASS  running composer marks send button as steer
  PASS  running steer button stays disabled without input
  PASS  running steer button enables after text input
  PASS  running composer queues guidance without sending it immediately
  PASS  queued running guidance clears the composer draft
  PASS  running guidance chip shows queued text
  PASS  running guidance shelf shows queued count
  PASS  guide attempts admission with the existing durable item ID
  PASS  guide never opens a duplicate frontend submit
  PASS  accepted durable steer clears after backend admission
  PASS  dismiss deletes the durable backend item before clearing the shelf
  PASS  running guidance chip can be dismissed
  PASS  running guidance chip renders again after another queued item
  PASS  running guidance chip clears when steer is consumed
  PASS  running guidance chip renders before turn stop
  PASS  running guidance chip clears when the turn stops
  PASS  running guidance queue ignores controller submitDisabled
  PASS  running guidance queues while controllerReady is false
  PASS  queued durable item can be guided while controllerReady is false
  PASS  controllerReady gap does not create a duplicate submit
  PASS  late guidance attempts one strict steer admission
  PASS  rejected steer does not open a provider turn
  PASS  rejected steer remains queued
  PASS  late durable follow-up is never resubmitted by the frontend
  PASS  queuing while running does not send immediately
  PASS  queued message shows in the guidance shelf
  PASS  natural completion never triggers a duplicate frontend submit
  PASS  durable body remains backend-owned through dispatch
  PASS  stop scopes backend discard to the Composer-owned durable ID
  PASS  stop clears the local shelf after handing off durable IDs
  PASS  stop restores queued guidance to the editable draft
  PASS  queued message shows in the guidance shelf
  PASS  auto-send does not fire while the controller is still activating
  PASS  queued message stays on the shelf while not ready
  PASS  controller readiness never triggers frontend auto-submit
  PASS  durable item remains until backend consume/ack
  PASS  backend consume event clears the acknowledged item
  PASS  @ directory cache hit still revalidates ListDir
  PASS  @ directory requests stay scoped to the composer tab
  PASS  fileRefRefreshKey refreshes @ directory cache while the menu is open
  PASS  @ search fetches the first query
  PASS  @ search cache is reused inside the TTL
  PASS  @ search cache revalidates after the TTL
  PASS  stale @ directory request cannot repopulate cache after refresh
  PASS  same-tab A→B→A keeps the current composer file-ref search cache
  PASS  first middle skill selection preserves surrounding text
  PASS  middle skill selection keeps its configured color
  PASS  paste after a middle skill preserves the entity and suffix
  PASS  paste after a middle skill keeps the selected entity
  PASS  a second skill can be inserted after existing text and an entity
  PASS  middle skills submit the surrounding task text without slash tokens
  PASS  multiple middle/end skills submit in visual order
  PASS  first middle skill keeps its text offset
  PASS  slash menu ignores an invisible trailing newline
  PASS  file menu ignores an invisible trailing newline
  PASS  slash argument completion removes an invisible trailing newline before lookup
  PASS  new subagent command is absent before runtime refresh
  PASS  runtime rebuild refetches subagent slash commands
  PASS  short skill query keeps one group heading and both matching plugin names
  PASS  selecting a plugin skill switches to the rich task input
  PASS  selected skill renders as composer context
  PASS  selected plugin skill keeps its source visible
  PASS  selected skill is an inline task entity
  PASS  selected skill keeps a caret anchor after the inline entity
  PASS  clicking blank rich-composer space focuses the editable task input
  PASS  Backspace removes a selected skill from an empty task input
  PASS  removing the last entity hands focus to the textarea that replaces the rich input
  PASS  Ctrl+Z restores a token removed by the rich composer
  PASS  undoing the programmatic Backspace restores the selected skill
  PASS  Ctrl+Shift+Z redoes rich token removal
  PASS  redoing the programmatic Backspace removes the selected skill again
  PASS  inline skill-only invocation enables submit
  PASS  inline skill-only submission retains display metadata
  PASS  inline skill-only submission sends an empty explicit task
  PASS  inline skill-only submission preserves reloadable invocation display metadata
  PASS  inline skill-only submission sends a structured skill entity
  PASS  selected skill keeps the visible transcript text clean
  PASS  selected skill preserves invocation display metadata
  PASS  selected skill sends task text separately from invocation metadata
  PASS  selected skill clears after send
  PASS  management commands keep the existing inline argument flow
  PASS  management commands do not become selected abilities
  PASS  selected custom subagent uses its configured color
  PASS  subagent-only invocation remains blocked until a task is entered
  PASS  rich composer does not duplicate ordinary browser input
  PASS  rich composer does not duplicate committed IME input
  PASS  external replacement can restore the initially rendered rich-composer text
  PASS  subagent task is sent exactly once after rich input
  PASS  structured subagent input contains one task copy
  PASS  restored history renders the selected skill header
  PASS  restored history retains plugin source from the qualified command
  PASS  history message keeps slash syntax out of the task body
  PASS  history and trash previews recover selected abilities after referenced-session context
  PASS  restored custom subagents keep their command type styling
  PASS  restored custom subagents keep their configured color
  PASS  history recovery ignores slash-prefixed lines inside the task body
  PASS  ordinary referenced-session text does not turn task slash lines into a skill header
  PASS  typing # opens recent sessions and carries the query across an invisible trailing newline
  PASS  the typed # flow leaves focus in the composer instead of the panel search box
  PASS  Escape closes the typed recent-session picker and keeps the literal # text
  PASS  Escape dismisses the typed recent-session panel until the query changes
  PASS  an embedded hash remains ordinary composer text
  PASS  selecting a typed recent-session reference removes the # token
  PASS  selecting a typed recent-session reference adds its context card
  PASS  plus trigger opens the add-content menu
  PASS  add-content menu exposes four focused actions
  PASS  attachment action uses the file attachment icon
  PASS  workspace action uses the mention icon
  PASS  recent-session action uses the history reference icon
  PASS  command action uses the literal slash trigger icon
  PASS  add-content actions remain one unified group without a divider
  PASS  add-content actions do not duplicate their trigger icons on the right
  PASS  attachment action reuses the existing file-save path
  PASS  opening add-content closes the active suggestion panel
  PASS  add-content remains the only open composer surface
  PASS  recent-session action inserts # at the remembered caret
  PASS  recent-session picker replaces the add-content menu
  PASS  Escape closes the direct recent-session picker and keeps the inserted # trigger
  PASS  command action inserts / at the caret
  PASS  command action is disabled while the composer has text
  PASS  disabled command action does not insert / into existing text
  PASS  content menu stays closed after the run ends
  PASS  recent-session picker stays closed after the run ends
  PASS  an entity-only submit while running queues instead of sending
  PASS  the queued guidance shows the entity's slash form instead of dropping it silently
  PASS  queued guidance preserves the selected skill invocation
  PASS  entity-only guidance keeps an empty explicit task instead of degrading to slash text
  PASS  queueing an entity-only submit clears the draft
  PASS  composition input neither resyncs the model nor restores the selection
  PASS  compositionend commits the composed text to the model exactly once
  PASS  switching back restores session A slash draft
  PASS  restoring a draft recomputes slash completion from its end caret
  PASS  switching back restores the rich invocation draft
  PASS  restoring a rich invocation draft recomputes slash completion from its end caret
  PASS  the restored rich slash query can select a second skill
  PASS  selecting the restored query replaces its slash token
  PASS  switching away again preserves the other session draft

233 passed, 0 failed, 233 total

▶ src/__tests__/composer-history.test.ts

composerHistory
  PASS  returns 1 entry
  PASS  correct text
  PASS  first call returns entry
  PASS  first call hits backend
  PASS  cache hit returns cached entry
  PASS  cache hit keeps cached text
  PASS  second snapshot reads loaded tape entries
  PASS  after invalidate re-fetches
  PASS  after invalidate, backend called
  PASS  first page text
  PASS  second page text
  PASS  snapshot contains loaded tape pages
  PASS  first request has empty cursor
  PASS  second request uses older cursor
  PASS  first ArrowUp press sees 3 history entries
  PASS  first recalled prompt is the newest entry
  PASS  cache hit returns cached history
  PASS  cache hit keeps newest first
  PASS  after invalidation first ArrowUp can still recall again
  PASS  after invalidation still recalls newest first
  PASS  array result is supported
  PASS  array result text
  PASS  tuple result is supported
  PASS  tuple result text
  PASS  map tuple result is supported
  PASS  map tuple result text
  PASS  null result is supported
  PASS  tuple first call returns entry
  PASS  tuple cache hit returns cached entry
  PASS  tuple cache hit keeps cached text
  PASS  snapshot reuses loaded tape entries
  PASS  empty on error
  PASS  calls backend once after invalidate
  PASS  nonce is '' after invalidate
  PASS  push/clear do not throw

35 passed, 0 failed, 35 total

▶ src/__tests__/composer-image-capability.test.tsx

composer image capability
  PASS  text-only model stores pasted image attachments as tool-readable refs
  PASS  text-only model keeps the pasted image attachment in the draft
  PASS  text-only image attach does not warn before send
  PASS  image attach warning does not render inside the composer layout
  PASS  vision-capable model keeps the pasted image attachment
  PASS  model switch alone does not show a warning toast
  PASS  switching to a text-only model still sends the image ref for tool use
  PASS  text-only send points to the image-understanding setting
  PASS  image-input warning does not render inside the composer layout
  PASS  submitted text retains the local image attachment ref
  PASS  configured image-understanding fallback still sends the image turn
  PASS  configured image-understanding fallback suppresses the obsolete warning
  PASS  composer image thumbnail opens the image viewer
  PASS  composer image viewer closes on Escape
  PASS  sent message image preview portals into the chat pane
  PASS  sent message image viewer closes from the close button
  PASS  sent messages expose copy without the retired edit entry
  PASS  sent image thumbnail remains previewable without message editing

18 passed, 0 failed, 18 total

▶ src/__tests__/composer-ime.test.tsx

composer plain textarea IME freeze
  PASS  unrelated re-render mid-composition keeps the provisional text
  PASS  composition input keeps flowing without a DOM clobber
  PASS  Enter during composition does not send
  PASS  committed IME text is intact after compositionend
  PASS  caret sits after the committed character
  PASS  Enter inside the post-composition grace window does not send
  PASS  Enter after the grace window sends
  PASS  the sent text is the committed IME text
  PASS  provisional text is live during composition
  PASS  IME cancel restores the pre-composition text
  PASS  typing after an IME cancel keeps working
  PASS  composition is in flight before the programmatic insert
  PASS  programmatic insert forces a resync and reaches the DOM mid-composition
  PASS  the programmatic resync ends the freeze so Enter sends
  PASS  the sent text carries the programmatic insert

15 passed, 0 failed

▶ src/__tests__/composer-inbox-interleaving.test.tsx

composer inbox interleaving
  PASS  an early consume event prevents the late enqueue receipt from resurrecting guidance
  PASS  session B stop stays enabled while session A cancellation settles
  PASS  session B can issue its own stop while session A cancellation settles

3 passed, 0 failed, 3 total

▶ src/__tests__/composer-inbox-recovery.test.tsx

composer inbox recovery
  PASS  banner reports recovered count
  PASS  queue starts with bounded preview
  PASS  review action expands the recovered queue
  PASS  keep paused confirms the server-side pause
  PASS  keep paused preserves the resume path
  PASS  confirmed pause is visible and idempotent
  PASS  continue resumes the durable inbox
  PASS  successful resume clears the recovery banner
  PASS  stale snapshot cannot show recovery controls on another session
  PASS  coded paused error renders in the active Chinese locale
  PASS  non-recovered pause exposes an actionable pause banner
  PASS  paused inbox disables guide admission instead of surfacing a backend error
  PASS  continue resumes a non-recovered paused inbox
  PASS  idle FIFO head exposes an explicit send fallback
  PASS  idle send fallback has an accessible label
  PASS  idle non-head guidance remains disabled to preserve FIFO order
  PASS  idle non-head guidance explains the FIFO gate
  PASS  idle send re-kicks the Controller drain without changing pause state
  PASS  idle send never attempts active-turn steering
  PASS  active steer disables send and delete actions
  PASS  active steer explains why actions are disabled
  PASS  active steer never sends invalid backend operations
  PASS  consumed steer is excluded from the pending guidance shelf
  PASS  consumed steer cannot reappear after inbox refresh
  PASS  uncertain idle guidance exposes an explicit retry action
  PASS  retry action has a state-aware accessible label
  PASS  idle retry requeues through the Controller without an invalid steer
  PASS  busy retry requeues before attempting active-turn admission
  PASS  pause banner hides while guidance is already being applied
  PASS  edit mode loads the queued text
  PASS  edit saves through UpdateInboxItem
  PASS  review path hydrates an empty snapshot preview
  PASS  session A shows its own recovered inbox
  PASS  sibling session does not inherit the previous recovered banner
  PASS  sibling session does not inherit the previous queued guidance
  PASS  stale recovered snapshot cannot land on another session
  PASS  stale queued items cannot land on another session
  PASS  consumed steer uses item ID for long duplicate text
  PASS  running and consumed items stay out of the pending queue
  PASS  recovery count reflects visible pending items
  PASS  stop restores only backend-confirmed withdrawn messages
  PASS  non-withdrawn durable message remains backend-owned
  PASS  read-only queue disables delete
  PASS  finishing is visibly announced from shared state after TurnDone
  PASS  finishing does not animate as model execution
  PASS  finishing hides current-turn stop
  PASS  uncertain queue failure retains draft and makes one request
  PASS  explicit retry only looks up the original idempotency key
  PASS  durable queue receipt clears the complete submitted draft
  PASS  finishing neither directly submits nor cancels

50 passed

▶ src/__tests__/composer-insert-commands.test.tsx
composer insert commands: routing, plan-revision target, selection trimming and terminal output chains passed

▶ src/__tests__/composer-keyboard.test.ts

composerKeyboard
  PASS  ArrowUp maps to history up
  PASS  ArrowDown maps to history down
  PASS  PageUp does not map to history
  PASS  Home does not map to history
  PASS  legacy unidentified keyCode 38 maps up
  PASS  Fn key is detected
  PASS  Fn modifier is detected
  PASS  empty input ArrowUp can recall history
  PASS  empty input ArrowDown does not start history
  PASS  ArrowUp at draft end keeps native textarea movement
  PASS  ArrowUp at first position recalls history
  PASS  ArrowDown at recalled history end moves newer
  PASS  ArrowDown inside text keeps native movement
  PASS  ArrowUp inside multiline text keeps native movement
  PASS  history mode allows repeated ArrowUp
  PASS  Fn-modified arrows are not history shortcuts
  PASS  Shift+Arrow preserves selection behavior

composerEnterAction
  PASS  plain Enter sends by default
  PASS  Shift+Enter keeps the native line break by default
  PASS  Ctrl+Enter keeps the legacy default send behavior
  PASS  Cmd+Enter keeps the legacy default send behavior
  PASS  Alt+Enter keeps the legacy default send behavior
  PASS  non-Enter keys are ignored
  PASS  custom Ctrl+Enter inserts a newline manually
  PASS  Shift+Enter does nothing once the newline chord moved to Ctrl+Enter
  PASS  plain Enter still sends with a custom newline chord
  PASS  custom Ctrl+Enter sends (WeChat-style layout)
  PASS  plain Enter breaks the line when the send chord moved to Ctrl+Enter
  PASS  Shift+Enter still breaks the line in the WeChat-style layout
  PASS  a custom send chord disables legacy modified-Enter aliases
  PASS  reset restores plain-Enter send
  PASS  reset restores the Shift+Enter default

composerEscapeAction / IME gating
  PASS  Escape passes through while composition is active
  PASS  plain Escape cancels a running turn
  PASS  Escape does not cancel an idle composer
  PASS  non-Escape keys do not trigger cancellation

composerMenuKeyAction / IME gating
  PASS  IME Escape stays with the input
  PASS  IME Enter stays with the input
  PASS  IME ArrowDown stays with the input
  PASS  plain Escape is handled by the menu
  PASS  plain Enter is handled by the menu
  PASS  typing keys pass through menu navigation
  PASS  native isComposing protects IME Escape
  PASS  legacy keyCode 229 protects IME Escape
  PASS  composition ref protects IME Escape
  PASS  recent compositionend grace protects IME Escape
  PASS  compositionend grace expires at its boundary
  PASS  stale compositionend does not block plain Escape
  PASS  custom newline updates the composer text
  PASS  custom newline stays after the invocation at the caret boundary

50 passed, 0 failed, 50 total

▶ src/__tests__/composer-profile.test.ts

composer profile
  PASS  auto tool approval hydrates from persisted tabs
  PASS  auto tool approval is acknowledged by meta
  PASS  stale tab hydration keeps locally selected plan mode
  PASS  compat mode keeps the plan axis enabled
  PASS  pending plan stays pending until backend acknowledges it
  PASS  acknowledged tab hydration keeps plan visible
  PASS  backend acknowledgement clears pending plan
  PASS  stale meta cannot erase a pending auto approval selection
  PASS  auto approval stays pending while meta is stale
  PASS  acknowledged auto approval remains enabled
  PASS  auto approval pending clears after matching meta
  PASS  empty goal draft remains visible through stale tab hydration
  PASS  empty goal draft syncs to controller as normal
  PASS  empty goal draft does not enable plan compatibility mode
  PASS  tab hydration removes profiles for closed tabs
  PASS  blank tab payload does not demote explicit auto approval mode to ask
  PASS  blank meta payload does not demote explicit auto approval mode to ask
  PASS  manual plan intent restores only the tab that enabled it
  PASS  normal tabs do not inherit another tab's plan intent
  PASS  manual normal mode clears plan restore intent
  PASS  closed tabs lose plan restore intent
  PASS  open tabs keep plan restore intent
  PASS  turn_done plan restore uses the event tab when present
  PASS  turn_done plan restore falls back to the active tab for legacy events
  PASS  active goals block remembered plan restoration
  PASS  empty goals still allow remembered plan restoration

26 passed, 0 failed, 26 total

▶ src/__tests__/composer-resized-input-css.test.ts

composer resized input css
  PASS  resized textarea fills the card's input area
  PASS  resized textarea scrolls internally
  PASS  resized rich input fills the card's input area
  PASS  resized rich input scrolls internally
  PASS  invocation caret anchor keeps a compact hit target
  PASS  invocation caret anchor can expand around WebView2-hosted text
  PASS  invocation caret anchor does not clip WebView2-hosted text

7 passed, 0 failed

▶ src/__tests__/composer-run-strip.test.tsx

composer run strip
  PASS  idle composer renders no run strip
  PASS  idle composer renders no stop button
  PASS  idle composer keeps the send button
  PASS  floating status pill is gone
  PASS  approval menu exposes Yolo alongside Ask and Auto
  PASS  the visible Yolo option selects Yolo approval
  PASS  composer has no execution-setting trigger
  PASS  composer has no execution-setting menu
  PASS  composer chrome does not mention execution setting
  PASS  task-intent menu does not own a work-mode section
  PASS  task method menu exposes plan and goal
  PASS  .composer-task-mode-trigger stays visually closed after a short hover
  PASS  .composer-task-mode-trigger does not render a closing-only menu
  PASS  mode chip exposes its dismiss interaction
  PASS  hovering a mode chip does not open the add menu
  PASS  runtime transition has no execution-setting control
  PASS  runtime transition disables Goal mode changes
  PASS  runtime transition disables Ask/Auto/Yolo changes
  PASS  runtime transition disables submit
  PASS  ordinary running state shows the run strip
  PASS  live region announces the stable state text only
  PASS  running card keeps its running modifier
  PASS  active work mounts a decorative perimeter trace
  PASS  stop button next to send cancels the turn
  PASS  pending approval shifts the strip into waiting
  PASS  waiting strip names the tool awaiting approval
  PASS  waiting text is static and stays accessible
  PASS  waiting card hands the running accent off to the prompt card
  PASS  waiting card takes the waiting modifier
  PASS  waiting removes the trace rather than running an invisible animation
  PASS  approval bar stays usable while its own prompt disables the composer
  PASS  pending ask question shows the ask waiting state
  PASS  approval bar stays disabled for non-approval reasons
  PASS  resolving the prompt removes the attention strip
  PASS  the resolved prompt falls back to the ordinary work strip
  PASS  queued guidance renders in the shelf
  PASS  stop cancels the running turn
  PASS  stop folds unconsumed queued guidance back into the draft
  PASS  restored queue clears the shelf
  PASS  ticker excludes the time spent waiting for approval (got " 0 / 00%To compact0Turn time30sturn hit-")
  PASS  ticker does not count the ~2.4s approval wait as model time
  PASS  decision suspension does not render a waiting strip
  PASS  suspendedByDecision excludes wait time from model clock (got " 0 / 00%To compact0Turn time15sturn hit-")
  PASS  suspended wait is not counted as model work
  PASS  tab B excludes background user-wait from model clock (got " 0 / 00%To compact0Turn time5sturn hit-")
  PASS  background suspension is not counted as model work
  PASS  tab B does not show tab A's ~60s turn age as model time
  PASS  streaming TPS uses provider-output time instead of full turn age
  PASS  the streaming reading carries the estimate marker
  PASS  streaming token total adds the current request estimate to completed usage
  PASS  the run strip carries the live token readout
  PASS  an emitting model contributes throughput to the strip
  PASS  the strip marks the estimate once
  PASS  no grouping punctuation: colour and position do the separating
  PASS  readings read as clock, tokens, throughput (got " 1m 0s ≈18 tokens 10 t/s")
  PASS  throughput owns the trailing segment so a narrow strip sheds it whole
  PASS  the clock and token count sit outside the shedable segment and are never cut
  PASS  the token readout survives the model going quiet
  PASS  a quiet model withholds throughput instead of freezing a rate
  PASS  a quiet model contributes no shedable segment
  PASS  a settled turn drops the strip readings
  PASS  approval wait retains turn tokens
  PASS  retry retains throughput
  PASS  completed duration uses the controller timestamp minus local wait (got " 0 / 00%To compact0Turn time19sturn tps12 t/sturn output tokens104 tokensturn hit-")
  PASS  completion keeps final in-flight token estimates
  PASS  later wait accounting cannot change the frozen completion duration
  PASS  switching to a completed tab preserves its duration
  PASS  new turn does not inherit previous turn metrics
  PASS  separate effort selector changes reasoning effort
  PASS  changing effort does not switch models
  PASS  effort menu closes after selection
  PASS  unsupported models hide effort control
  PASS  default standard has no delivery chip
  PASS  delivery is off by default
  PASS  delivery toggle enables delivery verification
  PASS  closing delivery chip restores implicit standard
  PASS  delivery does not change Plan or Goal mode
  PASS  resized card height combines logical height and strip reservation in CSS
  PASS  fresh composer defaults to the selected 140px height
  PASS  render path writes the logical height, not a compensated one
  PASS  ordinary running state reserves the metrics strip height
  PASS  drag start does not flash-shrink the running card
  PASS  drag release keeps the same logical-height space as the render path
  PASS  dragging keeps the running strip reservation
  PASS  separator reports the logical height
  PASS  idle card releases the strip reservation
  PASS  idle card keeps the user's logical height
  PASS  longer draft grows above the manual baseline
  PASS  content-derived input height reveals the longer draft
  PASS  draft stays scrollbar-free below the cap
  PASS  shorter draft returns to the manual baseline
  PASS  manual baseline remains available to short drafts
  PASS  oversized draft stops at the viewport-aware cap
  PASS  oversized input uses the capped content viewport
  PASS  oversized draft scrolls only after reaching the cap
  PASS  reset restores the 140px default after manual resizing

96 passed, 0 failed

▶ src/__tests__/composer-session-draft.test.tsx

composer session draft
  PASS  clicking empty composer space focuses the text input
  PASS  empty composer space click places the caret on the first line
  PASS  clicking composer space places an existing draft caret at the end
  PASS  topic draft key stays stable when session path appears
  PASS  session A text is visible before switching
  PASS  session A workspace ref is visible before switching
  PASS  session B does not inherit session A text
  PASS  session B does not inherit session A context refs
  PASS  session B keeps its own text draft
  PASS  session A text is restored when switching back
  PASS  session A context refs are restored when switching back
  PASS  session B text is restored independently
  PASS  session B context refs stay isolated
  PASS  session A shows its queued guidance before switching
  PASS  switching to idle session B does not send session A guidance
  PASS  session B does not inherit session A guidance shelf
  PASS  session A restores its queued guidance after switching back
  PASS  session A completion does not duplicate the Controller-owned follow-up
  PASS  session A clears the durable item after its backend ack
  PASS  short text paste is handled by React state
  PASS  short multiline paste is visible after existing text
  PASS  Ctrl+Z handles the programmatic paste transaction
  PASS  Ctrl+Z preserves the text typed before a short paste
  PASS  Ctrl+Shift+Z redoes the programmatic paste transaction
  PASS  redo restores the short paste after existing text
  PASS  a second undo returns to the pre-paste boundary
  PASS  ordinary typing after paste undo updates the draft
  PASS  a new native edit invalidates the programmatic redo transaction
  PASS  stale redo cannot resurrect an earlier paste
  PASS  short multiline paste submits once
  PASS  short multiline paste is preserved in display text
  PASS  short multiline paste is preserved in submit text
  PASS  interleaved-history test starts at the paste boundary
  PASS  Ctrl+Z leaves a native deletion above the paste transaction to the browser
  PASS  matching net text does not make the older paste transaction look newest
  PASS  Ctrl+Z leaves the remaining native insertion to the browser
  PASS  the paste transaction becomes undoable only after newer native edits are exhausted
  PASS  ordered undo eventually restores the pre-paste text
  PASS  ordered redo restores the custom paste before its newer native edits
  PASS  custom redo returns to the browser redo boundary
  PASS  newer native redo remains browser-owned after the paste redo
  PASS  two custom pastes can surround a native edit
  PASS  the newest custom paste undoes first
  PASS  undoing the second paste reaches its native boundary
  PASS  the native edit between two custom pastes remains browser-owned
  PASS  the older custom paste follows the native undo segment
  PASS  ordered undo reaches the start of the mixed timeline
  PASS  ordered redo restores the first custom paste
  PASS  redo reaches the native segment after the first paste
  PASS  ordered redo returns the interleaved native edit to the browser
  PASS  the second custom paste redoes after the native segment
  PASS  mixed custom/native redo restores the final state
  PASS  legacy Ctrl+Z YOLO binding yields to composer undo while editing
  PASS  legacy Ctrl+Z YOLO binding still undoes the paste
  PASS  legacy Ctrl+Z YOLO binding does not toggle YOLO while editing
  PASS  legacy Ctrl+Shift+Z YOLO binding yields to composer redo while editing
  PASS  legacy Ctrl+Shift+Z YOLO binding still redoes the paste
  PASS  legacy Ctrl+Shift+Z YOLO binding does not toggle YOLO while editing
  PASS  Ctrl+Z prepares a custom redo transaction after YOLO is rebound
  PASS  Ctrl+Y redoes the paste when the YOLO shortcut is rebound
  PASS  Ctrl+Y restores the programmatic paste
  PASS  Ctrl+Y does not toggle YOLO after that action is rebound
  PASS  default Ctrl+Y remains reserved for the YOLO shortcut
  PASS  default Ctrl+Y still toggles YOLO exactly once
  PASS  the YOLO shortcut does not mutate composer history
  PASS  long paste creates a folded block
  PASS  long paste preview opens without changing text history
  PASS  another draft does not inherit the paste undo transaction
  PASS  Ctrl+Z in another draft leaves its text unchanged
  PASS  source draft restores its open long-paste preview
  PASS  source draft keeps its own folded-paste undo transaction
  PASS  Ctrl+Z removes the folded-paste label
  PASS  Ctrl+Z removes the folded block state
  PASS  Ctrl+Z also clears preview state with the folded block
  PASS  expanding a folded paste restores its original text
  PASS  expanded paste no longer renders a folded label
  PASS  Ctrl+Z treats pasted-block expansion as a custom transaction
  PASS  undoing expansion restores the folded block
  PASS  a second Ctrl+Z undoes the original folded paste
  PASS  undoing the original folded paste restores the empty draft
  PASS  session B is not blocked by session A's pending attachment
  PASS  session B can submit while session A attachment is pending
  PASS  async attachment does not land in the switched-to session
  PASS  async attachment returns to the source session draft
  PASS  session B is not blocked by session A's in-flight submit
  PASS  slow submit retains session A as its target
  PASS  session B submit keeps its own target
  PASS  async clipboard paste does not mutate the switched-to session
  PASS  async clipboard paste returns to its source draft
  PASS  async cut does not delete text from the switched-to session
  PASS  async cut completes in its source draft
  PASS  async prompt history does not overwrite the switched-to session
  PASS  async prompt history result returns to its source draft
  PASS  source session reference starts asynchronous expansion
  PASS  session-context submit retains its source tab
  PASS  session-context submit expands source folded paste
  PASS  session-context submit excludes switched-to folded paste
  PASS  Add to Chat renders a dedicated composer selection card
  PASS  selection card previews the selected text
  PASS  selection card remove action has an accessible name
  PASS  adding selected text preserves the existing draft
  PASS  adding selected text returns focus to the composer
  PASS  another session does not inherit the selection
  PASS  the source session restores its selection draft
  PASS  chat, code, and terminal selections each get their own selection card
  PASS  the code selection card shows the file basename
  PASS  the code selection card is labeled as a code selection
  PASS  the terminal selection card is labeled as terminal context
  PASS  the terminal selection card previews selected output
  PASS  display includes typed selection labels with text snippets
  PASS  submit appends the selected text context block
  PASS  submit marks terminal selections in the JSON context
  PASS  submit does not duplicate selected text in display-only marker blocks
  PASS  selected chat text appears once in provider-visible submit bytes
  PASS  submit serializes chat, code, and terminal selections deterministically
  PASS  a completed submit clears the selection card

116 passed, 0 failed, 116 total

▶ src/__tests__/composer-source-operations.test.tsx
composer source operations: source isolation, ABA, identity replacement, lanes, finally and disposal passed

▶ src/__tests__/config-load-warnings.test.ts

config load warnings
  PASS  bridge payload normalization keeps unique non-empty strings
  PASS  warning fingerprints are stable
  PASS  empty warning lists have no fingerprint
  PASS  safe event revisions are preserved
  PASS  unsafe event revisions fall back safely
  PASS  versioned bridge event payloads are normalized
  PASS  array event payloads accept an additive revision argument
  PASS  runtime bridge forwards normalized non-empty warnings
  PASS  runtime warning subscription is disposable
  PASS  stale startup snapshots cannot clear runtime warnings
  PASS  dismissed warnings stay hidden across repeated session builds
  PASS  events started before a successful reload cannot revive stale warnings
  PASS  a newer recurrence can reuse the same warning fingerprint

13 passed

▶ src/__tests__/confirm-dialog.test.tsx

Reasonix confirmation dialog
  PASS  renders an accessible modal dialog
  PASS  renders the confirmation message
  PASS  uses the danger button recipe for deletion
  PASS  focuses Cancel first for destructive confirmation
  PASS  Escape cancels and closes the dialog
  PASS  cancellation resolves false
  PASS  restores focus to the triggering control
  PASS  confirm action resolves true

8 passed, 0 failed

▶ src/__tests__/connection-model-picker.test.tsx
PASS: same model in independent connections retains identity and selection

▶ src/__tests__/connection-title.test.tsx
PASS: explicit save, Escape cancel, no blur submission, failed save retains draft, retry closes editor

▶ src/__tests__/context-budget-card.test.ts

context budget card
  PASS  official source key
  PASS  learned source key
  PASS  unknown source key
  PASS  clip recovery
  PASS  none recovery is empty
  PASS  panel budget is preferred
  PASS  context info budget is used when panel omits it
  PASS  shared remaining is clamped
  PASS  unknown provider has no asserted physical remainder
  PASS  shared clipping explains overflow risk
  PASS  exhausted shared window explains overflow risk
  PASS  unknown provider does not claim shared-window overflow
  PASS  independent provider does not claim shared-window overflow
  13 passed

▶ src/__tests__/context-maintenance-notice.test.ts
context-maintenance-notice: ok

▶ src/__tests__/context-menu-keyboard.test.tsx
context-menu keyboard: all assertions passed

▶ src/__tests__/context-panel-breakdown.test.ts

context panel breakdown
  PASS  small non-zero source shares are not shown as zero
  PASS  reasoning is split out of completion rather than double-counted
  PASS  legend values sum to used context tokens
  PASS  usage endpoint follows used/window percent
  PASS  prompt tokens are not scaled down when used context includes completion tokens
  PASS  oversized provider breakdown is normalized to used context tokens
  PASS  oversized provider breakdown does not fill the ring
  PASS  live turn breakdown prefers Context* over billable aggregates
  PASS  2×30K recovery: panel segments match latest attempt, not 60000/5
  PASS  legacy usage without Context* falls back to billable fields
  PASS  without live usage, panel uses backend rebind snapshot
  PASS  unknown context window keeps usage segments empty

context window status
  PASS  over-limit context preserves the raw percentage while capping the meter fill
  PASS  just-over-limit context remains visibly over 100 percent after integer formatting
  PASS  low usage stays healthy
  PASS  usage near compact threshold warns early
  PASS  compact threshold reached takes warning tone
  PASS  near hard limit overrides compact status
  PASS  over-limit context has a distinct status

context panel cost
  PASS  panel cost keeps the panel currency instead of state default
  PASS  a single request's cost never renders under the session-cost label
  PASS  locally accumulated session cost still renders
  PASS  an incomplete structured quote never renders a partial selected total

context panel session cache scope
  PASS  live shared ContextInfo beats a stale all-sources panel snapshot
  PASS  panel telemetry remains the all-sources fallback without live ContextInfo
  PASS  executor-only wire counters only bridge the pre-refresh gap
  PASS  no data renders as empty, not NaN
  PASS  USD panel cost renders with dollar sign
  PASS  unexpected currency text does not leak into money values
  PASS  unknown ISO currency codes stay readable
  PASS  compact multi-character currency symbols are preserved
  PASS  ISO USD cost renders with locale-aware currency formatting
  PASS  ISO CNY cost renders with locale-aware currency formatting
  PASS  symbol currency remains symbol-based
  PASS  localized money preserves dash empty state

context panel cache rate
  PASS  cache hit rate preserves two decimal places
  PASS  cache hit rate shows zero when usage data exists
  PASS  cache hit rate stays empty before usage data exists
  PASS  healthy cache hit rate uses positive tone
  PASS  mid cache hit rate uses notice tone
  PASS  low cache hit rate uses warning tone
  PASS  missing cache data stays uncolored

context panel usage refresh key
  PASS  missing usage does not request a streaming refresh
  PASS  general token changes refresh even when cache counters stay unchanged

context panel source rows
  PASS  source rows keep executor before planner
  PASS  executor source row exposes input, output, cache hit, cache miss, and request count
  PASS  planner source row remains visible without cache metadata
  PASS  executor source row preserves estimated usage metadata
  PASS  missing estimated metadata remains exact for backward compatibility
  PASS  planner source preserves absent cache metadata as empty
  PASS  source rows omit unused planner and subagent entries

context panel metric token labels
  PASS  sub-million metric tokens keep exact comma formatting
  PASS  sub-million exact metric title matches the display
  PASS  large metric tokens keep exact comma formatting
  PASS  large metric exact title matches the display

55 passed, 0 failed, 55 total

▶ src/__tests__/context-panel-capacity.test.tsx

context panel capacity
  PASS  over-limit status is explicit
  PASS  just-over-limit percentage pin remains visibly over 100 percent
  PASS  capacity fill is capped at the physical track width
  PASS  capacity meter does not mix token composition into its fill
  PASS  compression threshold marker stays at the configured ratio
  PASS  accessible summary reports the over-limit ratio

6 passed, 0 failed

▶ src/__tests__/context-window-ring.test.tsx

context window ring
  PASS  ring exposes its percentage outside Creation layout
  PASS  keyboard activation opens usage details
  PASS  Escape cancels pending hover timers without reopening
  PASS  disabled ring renders nothing
  PASS  disabled ring does not request context panel data
  PASS  turn cost uses the session currency before panel info is available
  PASS  ring popover keeps a just-over-limit ratio visibly above 100 percent
  PASS  ring popover fill is capped at the physical track width
  PASS  ring popover does not mix token composition into its capacity fill
  PASS  old tab request starts first
  PASS  new tab request starts after tab switch
  PASS  stale old-tab response cannot overwrite the new tab info
  PASS  turn duration has its own stable label
  PASS  session duration stays separate from turn duration

14 passed, 0 failed

▶ src/__tests__/controller-event-recovery.test.ts
controller event recovery: generation and post-hydration tab bindings fence stale runtime commits

▶ src/__tests__/controller-notices-heads.test.ts
  PASS  session-log head notices localize by code and stay visible

▶ src/__tests__/controller-profile-lifecycle.test.tsx
controller profile lifecycle: committed source, replacement, ordering, ABA, ready restore and disposal passed

▶ src/__tests__/conversation-projection.test.ts
conversation projection: shared source identity, remote telemetry isolation and local-tool layout policy passed

▶ src/__tests__/conversation-width.test.ts

conversation width contract
  PASS  missing values use the backward-compatible standard width
  PASS  unknown values use the standard width
  PASS  full is preserved
  PASS  early-paint cache restores full width
  PASS  standard width remains fixed at 960px
  PASS  full width never becomes narrower than standard
  PASS  active width is exposed on the root element
  PASS  applied width refreshes the early-paint cache
  PASS  nested transcript content uses an unbounded inner width
  PASS  chat column has its own width independent of legacy preferences
  PASS  stylesheets cannot reintroduce the narrow 90 percent override
  PASS  authoritative desktop settings replace the early-paint cache
  PASS  older settings payloads without the field normalize to standard

13 passed, 0 failed

▶ src/__tests__/cost-rate-band.test.ts
▶ cost rate band aggregation
  ✔ keeps a uniform band and marks crossings mixed (0.357166ms)
  ✔ does not declare a band after an unknown or legacy quote (0.085334ms)
  ✔ uses a compact, unambiguous label for the mixed-rate badge (0.084875ms)
✔ cost rate band aggregation (1.035917ms)
ℹ tests 3
ℹ suites 1
ℹ pass 3
ℹ fail 0
ℹ cancelled 0
ℹ skipped 0
ℹ todo 0
ℹ duration_ms 4.423625

▶ src/__tests__/crash-rejection-containment.test.ts

crash rejection containment
  PASS  a bare Go error string is recoverable
  PASS  a stackless error-like object is recoverable
  PASS  an undefined reason is recoverable
  PASS  an Error with a stack is a genuine crash
  PASS  a backend rejection is marked handled
  PASS  a backend rejection does not paint the crash overlay
  PASS  a backend rejection dispatches the recoverable-error event with its message
  PASS  a backend rejection records a frontend diagnostic
  PASS  existing crash suppressions still short-circuit before containment
  PASS  a rejection already handled by a bridge filter is left alone
  PASS  a stacked Error rejection stays unhandled for the crash surface
  PASS  a stacked Error rejection still paints the crash overlay
  PASS  a stacked Error rejection is not downgraded to a toast
  PASS  window.error still paints the crash overlay

14 passed, 0 failed, 14 total

▶ src/__tests__/crash-reporting.test.ts

crash reporting
  PASS  installs WebKit compatibility before application imports
  PASS  Object.hasOwn polyfill accepts own properties
  PASS  Object.hasOwn polyfill rejects inherited properties
  PASS  VirtualMenu.tsx avoids measurement-triggered React update loops
  PASS  WorkspacePanel.tsx avoids measurement-triggered React update loops
  PASS  HljsDiff.tsx avoids measurement-triggered React update loops
  PASS  LineNumberCode.tsx avoids measurement-triggered React update loops
  PASS  normalizes string reasons
  PASS  extracts top app frame
  PASS  unhandled rejection is a nonfatal exception kind
  PASS  global handler payload identifies source
  PASS  captures error type
  PASS  captures component stack
  PASS  keeps human-readable message
  PASS  reports unhandled global events by default
  PASS  ignores global events already handled by a filter
  PASS  ignores Chromium ResizeObserver loop limit notices
  PASS  suppresses React's recoverable concurrent-render diagnostic
  PASS  suppresses superseded remote status errors delivered through PromiseRejectionEvent.reason
  PASS  reports unrelated PromiseRejectionEvent reasons
  PASS  ignores Chromium ResizeObserver undelivered notification notices
  PASS  identifies locationless opaque script errors
  PASS  keeps located script errors out of opaque grouping
  PASS  opaque grouping uses stable safe context
  PASS  opaque grouping never includes breadcrumb messages
  PASS  ignores ResizeObserver notices delivered through ErrorEvent.error
  PASS  checks ErrorEvent.error when ErrorEvent.message is empty
  PASS  checks ErrorEvent.error when ErrorEvent.message is a wrapper
  PASS  adds script location to opaque window.error messages
  PASS  keeps opaque script errors bare when WebView provides no location
  PASS  report identifies incomplete process coverage
  PASS  missing CPU is not reported as zero
  PASS  missing profiler is explicit and does not claim to reconstruct the event
  PASS  performance pressure reports use performance kind
  PASS  performance pressure reports identify source
  PASS  performance pressure reports partition by stable pressure label
  PASS  performance pressure reports use a stable error type
  PASS  performance fingerprint message avoids dynamic durations
  PASS  performance fingerprint label avoids dynamic durations
  PASS  formats long task context
  PASS  payload message keeps lag context
  PASS  labels long task pressure
  PASS  labels heap pressure
  PASS  tracks high heap pressure separately
  PASS  tracks critical heap pressure separately
  PASS  does not repartition non-heap performance groups
  PASS  adds the heap tier to the report fingerprint
  PASS  ignores startup long tasks before grace ends
  PASS  ignores short long-task observer entries
  PASS  records post-grace long tasks
  PASS  ignores long tasks while the window is hidden
  PASS  ignores long tasks immediately after visibility resumes
  PASS  records long tasks after the visibility resume grace period
  PASS  ignores long tasks while unfocused
  PASS  prompts on a single 800ms+ long task
  PASS  tolerates streaming-render bursts below the 3s cumulative budget
  PASS  prompts past the 3s cumulative budget
  PASS  cumulative path needs at least 3 tasks
  PASS  ignores an isolated lag spike without long-task evidence
  PASS  prompts on consecutive lag samples
  PASS  prompts on a lag spike corroborated by a blocking long task
  PASS  does not treat unrelated short long tasks as lag corroboration
  PASS  hides the no-signal self/window attribution
  PASS  hides unknown attribution
  PASS  surfaces cross-context culprits with their container
  PASS  recent long tasks carry their attribution
  PASS  formats sampled top frames into the report context
  PASS  omits the frames section when no profile was captured
  PASS  ignores event-loop lag while the window is hidden
  PASS  ignores event-loop lag immediately after visibility resumes
  PASS  records event-loop lag after the visibility resume grace period
  PASS  ignores event-loop lag while unfocused
  PASS  ignores event-loop lag immediately after focus resumes
  PASS  records event-loop lag once both resume grace windows pass
  PASS  prompts an unhandled label past cooldown while visible
  PASS  suppresses an already reported or dismissed label
  PASS  respects the prompt cooldown window
  PASS  never prompts while the window is hidden
  PASS  never prompts while unfocused
  PASS  first post-grace event-loop tick primes without reporting startup backlog
  PASS  resume-boundary tick does not report suspended-timer delay as event-loop lag
  PASS  refocus-boundary tick does not report napped-timer delay as event-loop lag
  PASS  an isolated settled-state timer discontinuity does not prompt
  PASS  consecutive settled-state lag still prompts
  PASS  round-trips reported labels for the same build
  PASS  re-surfaces reported labels on a new build
  PASS  tolerates missing storage
  PASS  tolerates corrupt storage
  PASS  copy reports success through the async clipboard API
  PASS  copy falls back to the desktop native clipboard bridge when the clipboard API rejects
  PASS  the rejected clipboard write goes through the native bridge exactly once
  PASS  copy falls back to execCommand when both the clipboard API and bridge are unavailable
  PASS  the last-resort path drives the execCommand copy
  PASS  writeClipboardText never rejects when execCommand throws
  PASS  an execCommand that throws resolves to a failed copy
  PASS  the hidden textarea is still cleaned up when execCommand throws

96 passed, 0 failed, 96 total

▶ src/__tests__/decision-footer-lifecycle.test.tsx
PASS Decision Footer preserves masked layout, Todo/rewind hosts, and Composer identity/draft

▶ src/__tests__/decision-slots-lifecycle.test.tsx
decision slots: independent Suspense preserves visible siblings and focus

▶ src/__tests__/decision-surface.test.tsx

decision surface
  PASS  all eight product decision surfaces have browser mocks
  PASS  tool_approval has a distinct canonical browser mock trigger
  PASS  plan_approval has a distinct canonical browser mock trigger
  PASS  ask has a distinct canonical browser mock trigger
  PASS  workspace_conflict has a distinct canonical browser mock trigger
  PASS  mode_jobs has a distinct canonical browser mock trigger
  PASS  close_active has a distinct canonical browser mock trigger
  PASS  clear_context has a distinct canonical browser mock trigger
  PASS  mcp_interaction has a distinct canonical browser mock trigger
  PASS  Chinese mock phrases remain convenient for visual QA
  PASS  legacy approval preview trigger remains compatible
  PASS  long-option QA has a canonical browser trigger
  PASS  long-option QA has a convenient Chinese trigger
  PASS  long-option QA is not counted as a ninth product surface
  PASS  Plan has start, revise, and exit-without-executing actions
  PASS  Plan actions use button-group semantics
  PASS  Plan actions are announced as buttons
  PASS  Plan has no redundant confirm button
  PASS  Plan card exposes a clear non-executing exit
  PASS  Plan card relies on the global Stop control
  PASS  expanding a Plan description never starts execution
  PASS  Plan disclosure announces its expanded state
  PASS  Revise opens the inline editor in one click
  PASS  Opening revision does not start execution
  PASS  Exit without executing runs once and ignores a double click
  PASS  Exit without executing never approves plan execution
  PASS  Exit without executing does not submit a plan revision
  PASS  number key 3 exits Plan without execution
  PASS  Plan starts with one click and ignores double submit
  PASS  Plan start approves execution once
  PASS  ordinary tool approval has four options
  PASS  default selection is allow once
  PASS  tool approval keeps the complete option description in a desktop tooltip
  PASS  tool approval uses the shared decision scroller
  PASS  tool approval confirm footer stays visible outside the scroller
  PASS  Enter on tool disclosure never approves the default permission
  PASS  Enter expands tool approval copy
  PASS  Enter collapses tool approval copy again
  PASS  expanding tool approval copy never submits the selected permission
  PASS  tool approval disclosure announces its expanded state
  PASS  clicking deny only selects
  PASS  deny becomes selected
  PASS  double click/enter submits only once
  PASS  deny maps to (false,false,false)
  PASS  Auto recovery has continue and try-another actions
  PASS  Auto boundary actions use button-group semantics
  PASS  Auto boundary actions are announced as buttons
  PASS  Auto recovery does not add a third Stop decision
  PASS  Auto boundary card relies on the global Stop control
  PASS  Auto recovery has no select-then-confirm bar
  PASS  Auto boundary uses plain confirmation copy
  PASS  Auto boundary hides the internal mechanism name
  PASS  UI hides internal checkpoint terms
  PASS  UI hides internal reviewer terms
  PASS  safer action is first and explicitly recommended
  PASS  recommended recovery action has primary emphasis
  PASS  one-shot override remains available as the secondary action
  PASS  Auto boundary shows one concise summary by default
  PASS  summary explains the user-visible risk
  PASS  pending action is shown once by default
  PASS  details stay collapsed by default
  PASS  custom requirements stay available as a quiet progressive-disclosure link
  PASS  guidance link uses plain user-facing copy
  PASS  custom requirements editor stays collapsed by default
  PASS  custom requirements do not become a third decision card
  PASS  recovery card stays bounded by the viewport
  PASS  recovery card clips only at its shared scroll boundary
  PASS  recovery content uses one internal scroller
  PASS  recovery options avoid a nested height cap
  PASS  recovery option text remains available in the shared scroller
  PASS  expanding recovery details never resolves the pending action
  PASS  bounded recovery offers a current-task semantic grant
  PASS  task grant is opt-in
  PASS  task grant is grouped with Continue
  PASS  task grant shows the exact host-classified scope
  PASS  double click submits only once
  PASS  continue resolves only the waiting action
  PASS  older recovery events without a display scope retain the generic safety explanation
  PASS  guidance link expands an inline text area
  PASS  guidance input exposes the same 1000-character client limit as submission
  PASS  placeholder demonstrates a concrete constraint
  PASS  expanded guidance receives focus
  PASS  empty guidance cannot submit
  PASS  expanded guidance preserves the two primary decisions
  PASS  Escape collapses custom guidance
  PASS  Escape restores focus to the guidance link
  PASS  collapsing guidance does not answer the confirmation
  PASS  guidance hides and clears the unrelated Continue task grant
  PASS  non-empty guidance enables submission
  PASS  Ctrl+Enter submits custom requirements once
  PASS  custom requirements always choose another approach
  PASS  custom requirements are trimmed and forwarded exactly once
  PASS  checked grant updates the action label before consent
  PASS  checked grant no longer looks like a one-shot action
  PASS  checked semantic grant uses the task-scoped recovery action
  PASS  material scope change uses a neutral plan-level title
  PASS  plan card names the user-owned decision class
  PASS  plan card identifies removed steps
  PASS  plan card shows the removed step
  PASS  plan card identifies added steps
  PASS  plan card shows the replacement step
  PASS  plan card shows newly added scope
  PASS  plan delta omits progress-only status noise
  PASS  plan adoption remains explicit
  PASS  plan rejection opens a guided revision path
  PASS  plan adoption is not visually preselected
  PASS  plan adjustment is not visually preselected
  PASS  unbounded scope change does not offer a task grant
  PASS  technical diagnostics are available on demand
  PASS  technical details expand on request
  PASS  expanded diagnostics use restrained detail rows
  PASS  expanded diagnostics do not render an alert wall
  PASS  opening plan adjustment does not reject or adopt the proposal
  PASS  plan adjustment opens and focuses the guidance field
  PASS  plan guidance uses an explicit submit action
  PASS  non-empty plan guidance enables submission
  PASS  submitted plan guidance rejects the proposed transition
  PASS  plan adjustment forwards the user's exact guidance
  PASS  adopting the plan approves the waiting transition once
  PASS  fresh dynamic-tool decision only offers allow once and deny
  PASS  fresh dynamic-tool decision hides remembered grants
  PASS  fresh dynamic-tool decision is one-shot
  PASS  decision row wrappers accommodate external details
  PASS  all decision rows stay aligned at the top of the scroll region
  PASS  shared decision rows keep a stable desktop height
  PASS  shared decision rows retain a compact click target
  PASS  single-line decision copy stays vertically centered with the option key
  PASS  decision keys do not carry a top offset
  PASS  decision labels keep a clear visual hierarchy
  PASS  shared decision descriptions stay on one summary line
  PASS  supplementary runtime copy uses ordinary single-line flow
  PASS  collapsed runtime summaries stay inside their row
  PASS  long runtime summaries end with an ellipsis
  PASS  runtime summaries keep readable density
  PASS  runtime description starts collapsed
  PASS  expanding runtime details never triggers the decision action
  PASS  runtime description expansion is announced
  PASS  expanded details keep the runtime row vertically centered
  PASS  expanded details do not alter the runtime row summary
  PASS  runtime full copy opens in a separate detail region
  PASS  runtime detail region reveals the full copy
  PASS  dangerous runtime summary keeps the shared stable row
  PASS  truncated dangerous runtime consequences open automatically outside the row
  PASS  runtime decision number keys invoke their displayed actions
  PASS  runtime decision shortcuts do not invoke disabled actions
  PASS  runtime decision shortcuts ignore editable fields
  PASS  Escape cancels the runtime decision
  PASS  complete dangerous runtime summary renders one action row
  PASS  complete dangerous runtime summary is not repeated below the row
  PASS  complete dangerous runtime summary needs no redundant disclosure
  PASS  clear context defaults to cancel
  PASS  clear context combines the consequence into one header summary
  PASS  clear context does not repeat the consequence in a second body row
  PASS  Enter on clear-context disclosure does not trigger the safe default
  PASS  Enter on clear-context disclosure never clears the conversation
  PASS  Enter expands clear-context copy
  PASS  Enter collapses clear-context copy again
  PASS  expanding clear-context copy does not trigger the safe default
  PASS  expanding clear-context copy does not clear anything
  PASS  clicking clear only selects
  PASS  clear option becomes selected
  PASS  truncated destructive consequence opens automatically after selection
  PASS  auto-open destructive consequence has no redundant toggle
  PASS  confirm runs clear once
  PASS  Escape cancels clear context immediately
  PASS  composer decision host remains mounted
  PASS  host is hidden during decision
  PASS  host is inert during decision
  PASS  draft value survives while host is hidden
  PASS  host is aria-hidden during decision
  PASS  deny selected on first prompt
  PASS  new prompt id resets selection to allow once
  PASS  selection reset does not submit

173 passed, 0 failed, 173 total

▶ src/__tests__/delivery-continue-commands.test.tsx
delivery continue commands: ready gate, goal resume chain, stale-ownership fence and empty-target gate passed

▶ src/__tests__/desktop-close-behavior-hint.test.tsx
desktop close behavior hint: ok

▶ src/__tests__/desktop-event-recovery.test.ts
desktop event recovery: coalescing, generation/session fencing, retry and disposal passed

▶ src/__tests__/desktop-host-stub.test.ts
desktop host stub advertises only callable commands

▶ src/__tests__/desktop-navigation-lifecycle.test.tsx
desktop navigation: queue ownership, ABA, IM hydrate, dirty-worktree warning, tab resume, failure and disposal passed

▶ src/__tests__/desktop-preferences-lifecycle.test.tsx
desktop preferences: lightweight snapshot, legacy mirror, warning revision and disposal passed

▶ src/__tests__/diagnostics-settings.test.tsx
diagnostics settings page
diagnostics-settings: ok

▶ src/__tests__/diff-rendering.test.ts

diff rendering contract
  PASS  diff rows carry old/new line numbers
  PASS  unified diff rows preserve hunk line numbers
  PASS  archived write_file without args does not synthesize 0 lines
  PASS  explicit empty write_file content still summarizes as 0 lines
  PASS  diff rows share the longest scroll width
  PASS  diff table fills the visible viewport
  PASS  diff row background fills table width
  PASS  diff gutter remains visible while horizontally scrolled
  PASS  diff sticky gutter anchors at left
  PASS  writer dispatch uses preview file diff summary instead of content line count
  PASS  writer dispatch keeps preview file diff for rendering
  PASS  completed writer archives with preview file diff summary
  PASS  completed writer with preview diff is still archived
  PASS  history writer restores preview file diff summary
  PASS  history writer restores preview file diff body
  PASS  completed writer keeps +N -M summary after archiving
  PASS  completed writer data is still archived
  PASS  summary does not require keeping tool output
  PASS  failed writer is marked as error
  PASS  failed writer clears cached +N -M summary
  PASS  replace_all multi_edit defers summary until result
  PASS  replace_all multi_edit uses applied replacement count
  PASS  dispatch updates clear stale writer summary

23 passed, 0 failed, 23 total

▶ src/__tests__/dock-view-requests.test.tsx
PASS view-owned reveal requests, remount and project isolation

▶ src/__tests__/edit-replay.test.ts

edit replay
  PASS  unchanged edits preserve the original submitted text
  PASS  edited visible text preserves submit-only prefix and raw attachment refs
  PASS  messages without hidden submit context use the rebuilt submit text
  PASS  editing a selected-context message preserves the quoted context suffix without submitting its display label
  PASS  editing a structured skill message preserves its slash invocation
  PASS  multiple abilities serialize in visual order
  PASS  multiple abilities restore from display and submit text
  PASS  restored ability segments preserve visible task text
  PASS  editing a mixed ability message preserves every invocation
  PASS  inserting after an invocation preserves the selected entity boundary
  PASS  same-offset entities serialize around inserted text in visual order
  PASS  spaced English messages restore every inline invocation
  PASS  editing a structured message keeps the hidden referenced-session prefix
  PASS  hydrated slash-form display restores its leading known invocation
  PASS  hydrated display restores consecutive leading invocations
  PASS  unknown leading slash names stay plain text after reload
  PASS  mid-text slash tokens stay plain text after reload

17 passed, 0 failed

▶ src/__tests__/effort-switcher.test.tsx
PASS adapter-owned effort options and exact selection

▶ src/__tests__/extension-surface.test.tsx

Extension surface reducer
  PASS  accepts new/equal/newer generations
  PASS  rejects an older generation
  PASS  events without a generation always pass
  PASS  extension_status upserts a status entry
  PASS  accepted generation is recorded
  PASS  statuses key on pluginId:surfaceId
  PASS  same-key status replaces in place
  PASS  extension_surface kind=status also updates the entry
  PASS  card appends one transcript item
  PASS  card re-publish replaces in place
  PASS  stale card generation is dropped
  PASS  equal generation replaces
  PASS  different surface id appends a separate card
  PASS  form surface arms the pending form
  PASS  stale form generation is dropped
  PASS  a new form replaces the pending one
  PASS  clearExtensionForm dismisses the form
  PASS  notifications queue for the toast drain
  PASS  notification ids are unique
  PASS  drain clears the notification queue
  PASS  controller_rebuilt clears extension state and the generation fence
  PASS  post-rebuild surfaces flow with fresh generations
  PASS  optimistic user bubble pending
  PASS  extension events never flush the optimistic user bubble
  PASS  unknown surface kinds leave state untouched
  PASS  events without an extension payload leave state untouched

ExtensionCard / ExtensionFormDialog components
  PASS  card renders the title
  PASS  card badges the plugin id
  PASS  card renders the key-value grid
  PASS  card renders progress as an accessible progressbar
  PASS  card renders markdown through the shared renderer
  PASS  action click invokes /<plugin>:<action> on the tab
  PASS  action result message renders inline
  PASS  successful result is not styled as an error
  PASS  failed action still reached the bridge
  PASS  action failure renders an inline error
  PASS  form renders its title
  PASS  form badges the plugin id
  PASS  required fields keep submit disabled
  PASS  still disabled while the required multiselect is empty
  PASS  submit enables once required fields are filled
  PASS  submit delivers typed values (bool / string / select default / multiselect)
  PASS  Escape cancels the form

43 passed, 0 failed

▶ src/__tests__/external-opener-preference-sync.test.tsx

external opener preference synchronization
  PASS  the visible tab initially discovers the old preference
  PASS  an older tab completion synchronizes the visible control
  PASS  the visible primary action uses the synchronized preference
  PASS  a discovery started before the write cannot restore the stale preference

4 passed, 0 failed, 4 total

▶ src/__tests__/external-opener.test.tsx

external opener
  PASS  uses the shared 28px / 7px topic-bar control geometry without an extra shadow
  PASS  keeps both split-button segments within the shared control height
  PASS  keeps Creation topic bars on the same 28px / 7px geometry
  PASS  fits Workbench application artwork to the compact topic-bar control
  PASS  preserves the slimmer Creation application artwork size
  PASS  external opener has a distinct React key namespace
  PASS  session actions have a distinct React key namespace
  PASS  mounts for a Project tab
  PASS  mounts for a Global tab without guessing from scope
  PASS  stays hidden while an IM detail surface owns the header
  PASS  renders a split-button menu trigger after discovery
  PASS  renders the native application icon data URL
  PASS  opens the installed-application menu
  PASS  requests an installed-application refresh whenever the menu opens
  PASS  renders applications discovered by the fresh scan
  PASS  persists the selected application id
  PASS  opens the exact Global workspace with the selection
  PASS  primary action reuses the preference without another settings write
  PASS  primary action uses the newly selected application
  PASS  rapid primary clicks launch the workspace only once
  PASS  opens immediately with the cached application list while refresh is still running
  PASS  the latest overlapping discovery result wins
  PASS  a stale discovery cannot replace the current menu
  PASS  a newer tab selection persists even when it matches the discovered preference
  PASS  an older tab completion cannot overwrite the latest opener preference
  PASS  a newer failed launch does not cancel an older successful selection
  PASS  an in-flight older preference write has the same result when a newer launch fails
  PASS  a failed launch never persists the preference
  PASS  a failed launch reports the launch error
  PASS  the application launches before the preference write
  PASS  a failed preference write reports the save error after opening
  PASS  hides when the backend reports no local workspace capability

32 passed, 0 failed, 32 total

▶ src/__tests__/final-readiness-locale.test.ts
  PASS  final readiness recovery copy is aligned across locales

▶ src/__tests__/font-availability.test.ts

font availability
  PASS  macOS shows native UI font plus stable choices
  PASS  Windows shows native UI font plus stable choices
  PASS  Linux shows Noto-style UI font plus stable choices
  PASS  detected cross-platform UI fonts are included
  PASS  current UI font remains visible even when it is not native
  PASS  macOS shows native mono font plus stable choices
  PASS  Windows shows native mono font plus stable choices
  PASS  detected mono fonts are included on Linux
  PASS  current mono font remains visible even when it is not native

9 passed, 0 failed, 9 total

▶ src/__tests__/footer-decision-overflow.test.ts

footer decision overflow
  PASS  base .footer does not scroll/clip (composer menus can expand)
  PASS  base .footer is not height-capped in the composer state
  PASS  base .footer keeps its flex sizing
  PASS  decision footer scrolls tall approval cards
  PASS  decision footer is capped above the status bar
  PASS  .slashmenu still anchors to the composer
  PASS  .slashmenu still pops above the composer
  PASS  .slashmenu uses the measured available height
  PASS  App.tsx toggles footer--decision on the visible decision surface
  PASS  footer--compact wiring stays intact
  PASS  Composer measures the real menu anchor
  PASS  Composer observes geometry while a menu is open
  PASS  composer host stays hidden under a decision (menus cannot open)
  PASS  no footer rule except .footer--decision clips or caps the footer
  PASS  pasted block list is viewport-bounded
  PASS  pasted block list scrolls internally
  PASS  pasted blocks keep their readable height
  PASS  attachment list is viewport-bounded
  PASS  attachment list scrolls internally

19 passed, 0 failed

▶ src/__tests__/frontend-diagnostics.test.ts
frontend diagnostics tests passed

▶ src/__tests__/github-link-rendering.test.tsx

github link rendering
  PASS  recognizes GitHub issue links
  PASS  recognizes GitHub pull request links with query parameters
  PASS  recognizes GitHub commit links
  PASS  leaves repository links unchanged
  PASS  rejects insecure GitHub links
  PASS  leaves non-GitHub links unchanged
  PASS  does not enhance unsafe links
  PASS  adds a GitHub icon to repository links
  PASS  adds an external-link icon to web links
  PASS  adds an external-link icon to HTTP links
  PASS  adds a mail icon to email links
  PASS  leaves relative links without an icon
  PASS  leaves page fragments without an icon
  PASS  does not add icons to unsafe protocols
  PASS  keeps the original GitHub URL in selectable DOM text
  PASS  exposes the compact visual PR label
  PASS  gives compact PR links a contextual accessible name
  PASS  hides the decorative GitHub icon from assistive technology
  PASS  copies the original URL instead of the compact visual label
  PASS  preserves an explicit Markdown link label
  PASS  does not compact explicit Markdown link labels
  PASS  does not override an explicit accessible link label
  PASS  renders ordinary HTTPS destinations as rich external links
  PASS  renders a decorative external-link icon
  PASS  leaves relative links without rich-link styling
  PASS  leaves relative links without an icon
  PASS  allows rich links to wrap on narrow layouts
  PASS  lets long unbroken link labels shrink and wrap

28 passed, 0 failed, 28 total

▶ src/__tests__/goal-action-errors.test.tsx

goal action bridge errors
  PASS  rejected Stop Goal action shows an error toast
  PASS  rejected mode action shows an error toast
  PASS  rejected background Goal resync shows an error toast
  PASS  handled Goal action rejections do not emit unhandledrejection
  PASS  mode shortcut routes through the rejection handler
  PASS  production Composer Stop Goal adapter presents the failure exactly once
  PASS  production Composer mode adapter presents the failure exactly once

7 passed, 0 failed, 7 total

▶ src/__tests__/goal-activation-tab-routing.test.tsx

goal activation tab routing
  PASS  harness starts on tab A
  PASS  active tab switched to B during deferred Goal activation
  PASS  atomic Goal submit kept source tab A
  PASS  atomic Goal submit ran once
  PASS  controller propagates atomic Goal bridge rejection
  PASS  failed atomic submit still targeted source tab A
  PASS  failed atomic Goal submit does not call split SubmitInvocationsToTab

7 passed, 0 failed, 7 total

▶ src/__tests__/goal-runtime.test.ts
goal runtime formatting: passed

▶ src/__tests__/heartbeat-editor.test.tsx

heartbeat editor state ownership
  PASS  trigger completion preserves the user's edited schedule
  PASS  save carries the latest engine-owned run state
  PASS  save carries run history added while the editor was open

heartbeat editor failed save
  PASS  save stays pending until persistence resolves
  PASS  failed save preserves the local draft
  PASS  failed save reports an actionable error
  PASS  failed save remains dirty and retryable

heartbeat editor frequency conversion
  PASS  lossy cron conversion keeps the Custom frequency selected
  PASS  lossy conversion keeps the original cron expression
  PASS  lossy conversion explains why the editor did not switch

heartbeat recommendation draft
  PASS  recommendation keeps its prefilled editor open
  PASS  recommendation is not cleared by the missing-task cleanup effect
  PASS  recommendation defaults to ask approval
  PASS  recommendation remains a new draft with editable scope
  PASS  recommendation stays disabled until the user explicitly enables it
  PASS  recommendation persists the safe ask approval default
  PASS  parent save conflict keeps the unsaved recommendation draft open
  PASS  parent save conflict is reported instead of marking the draft clean

18 passed, 0 failed, 18 total

▶ src/__tests__/heartbeat-locale-boundary.test.ts
  PASS  63 Heartbeat translations stay feature-local

▶ src/__tests__/heartbeat-mutation-queue.test.ts

heartbeat mutation queue
  PASS  only one full-table mutation is in flight
  PASS  first mutation uses the loaded config token
  PASS  second mutation starts after the first save settles
  PASS  second mutation uses the new config token
  PASS  second mutation rebases deletion onto the saved task list
  PASS  rebased deletion preserves the earlier toggle
  PASS  first caller receives its authoritative save
  PASS  second caller receives the combined authoritative state

8 passed, 0 failed, 8 total

▶ src/__tests__/heartbeat-next-run.test.ts

heartbeat next run
  PASS  plain interval stays due after elapsed
  PASS  time window defers elapsed interval to next opening
  PASS  time window keeps next run inside the open window
  PASS  cross-midnight window keeps due time in the open window
  PASS  cross-midnight window waits for today's opening from midday
  PASS  cycle next run ignores stale interval time windows
  PASS  empty daily day selection does not save as every day
  PASS  weekly default uses one weekday
  PASS  cron weekday schedule computes next business-day run
  PASS  cron every-15-minutes computes next slot
  PASS  cron next run ignores lastRunAt and uses wall clock

engine-run merge (SivanCola review: trigger must not clobber draft)
  PASS  trigger merge keeps draft title while adopting engine run fields
  PASS  trigger merge adopts fresh lastRunAt without dropping draft runHistory
cycle → cron conversion guards
  PASS  biweekly refuses cron conversion
  PASS  seconds refuse cron conversion
  PASS  cross-midnight window refuses conversion
  PASS  window end hour is exclusive
  PASS  2h window refuses conversion (frequency would grow)
  PASS  non-top-of-hour window refuses conversion
  PASS  non-top-of-hour window refuses m-interval conversion
  PASS  daily with stale window keeps its own clock
  PASS  daily converts to cron
  PASS  weekly converts to cron
  PASS  monthly converts to cron
cycle next-run (schedule semantics, not cron)
  PASS  daily next run is today's 22:00
  PASS  daily next run rolls to tomorrow after 22:00
  PASS  weekly next run is next Friday 16:00
  PASS  monthly next run is 15th 09:00
  PASS  monthly day-31 clamps to April 30 (mirrors backend monthlyCandidate)
  PASS  monthly day-29 clamps to February 28 in a non-leap year
  PASS  monthly day-29 keeps February 29 in a leap year
  PASS  yearly next run is next Jan 1st 09:00
  PASS  daily next run falls in the past when the task is overdue offline
cron dow=7 Sunday alias
  PASS  dow=7 (Sunday alias) computes the next Sunday run
  PASS  dow=0,7 both spellings compute the next Sunday run
biweekly parity mirrors the Go engine (Monday week anchor)
  PASS  biweekly with Thursday anchor skips the first Monday (Monday-anchored parity)
  PASS  biweekly with Monday anchor fires every other Monday
cronToInterval refuses lossy conversions
  PASS  weekly cron refuses interval conversion
  PASS  fixed-time cron refuses interval conversion
  PASS  dom-restricted cron refuses interval conversion
  PASS  every-N-minutes cron converts
  PASS  every-N-hours cron converts
  PASS  top-of-every-hour is not a simple interval
frontend isCronExpr field bounds (dom/month 1-based, step>0, lo<=hi)
  PASS  dom=0 is rejected: no next run is computed for an invalid expression
  PASS  zero step */0 is rejected (never fires)
  PASS  descending range 5-1 is rejected (never matches)
  PASS  dow=8 is rejected (out of range)
  PASS  month=0 is rejected
  PASS  valid dom expression still computes a next run
cron steps use field minima and retain long-horizon matches
  PASS  wildcard month step starts from January
  PASS  wildcard month step skips February
  PASS  single-value step continues from its explicit start
  PASS  leap-day cron searches beyond one year
task list computes each next run once
  PASS  list preparation resolves each task exactly once
  PASS  list preparation preserves next-run ordering
  PASS  list rows reuse the precomputed next-run value
frequency conversion keeps the selected editor on lossy paths
  PASS  weekly cron cannot switch to interval
  PASS  seconds cannot switch to cron
  PASS  biweekly cannot switch to cron
  PASS  cross-midnight interval cannot switch to cron
biweekly parity uses civil dates across DST
  PASS  spring-forward keeps the even-week Monday
  PASS  fall-back keeps the even-week Monday

62 passed, 0 failed, 62 total

▶ src/__tests__/heartbeat-test-runner-contract.test.ts

heartbeat test runner contract
  PASS  focused suite has exactly one failing-exit gate
  PASS  failing-exit gate runs after every assertion
  PASS  final summary runs after every assertion

3 passed, 0 failed, 3 total

▶ src/__tests__/history-catalog-body-hits.test.ts
  PASS  history body-only hits contract

▶ src/__tests__/history-load-failure-contract.test.ts
  PASS  history load failure contract

▶ src/__tests__/history-recovery-copies.test.tsx

history recovery data visibility
  PASS  ordinary history keeps normal sessions
  PASS  unique recovered content remains ordinary history
  PASS  covered copies are hidden from ordinary history
  PASS  ordinary history exposes no recovery-copy group
  PASS  ordinary history exposes no copy cleanup action
  PASS  trash collapses system recovery data by default
  PASS  trash provides a collapsed advanced recovery-data disclosure
  PASS  advanced disclosure keeps recovery data restorable
  PASS  system recovery data retains its restore action
  PASS  restore targets the selected system recovery item: expected ["/t/covered.jsonl"], got ["/t/covered.jsonl"]
  PASS  system recovery data retains permanent delete control
  PASS  permanent delete targets the selected system recovery item: expected ["/t/covered.jsonl"], got ["/t/covered.jsonl"]
  PASS  ordinary trash still exposes its normal empty action
  PASS  empty trash excludes protected system recovery data: expected [["/t/normal.jsonl"]], got [["/t/normal.jsonl"]]

14 passed, 0 failed

▶ src/__tests__/history-tool-status.test.ts

history tool status
  PASS  history users without createdAt keep no timestamp
  PASS  history users preserve createdAt when present
  PASS  history users preserve checkpoint turn zero
  PASS  history users preserve non-contiguous backend checkpoint turns
  PASS  assistant history preserves memory citations
  PASS  assistant memory citation source is preserved
  PASS  assistant memory citation line range is preserved
  PASS  lowercase error result restores as error
  PASS  lowercase error result carries error text
  PASS  blocked result restores as error
  PASS  missing tool result restores as stopped
  PASS  positional tool result is consumed instead of rendering as an orphan
  PASS  empty-id tool call restores from positional result
  PASS  empty-id tool call keeps positional output
  PASS  archived successful result restores as done
  PASS  archived successful result is marked dataArchived immediately
  PASS  archived successful result has no initial output
  PASS  archived successful result has no initial args
  PASS  archived successful result keeps precomputed subject
  PASS  archived successful result keeps precomputed summary
  PASS  archived failed result restores as error
  PASS  archived failed result is still loadable on demand
  PASS  archived failed result keeps bounded error preview
  PASS  each interrupted-turn local-only record hydrates as its own tool item
  PASS  repeated __reasonix_local_only__ toolCallIds uniquify so transcript row keys cannot collide after restart

25 passed, 0 failed

▶ src/__tests__/hydrate-history-apply.test.ts

hydrate history apply
  PASS  skipHistory blocks apply
  PASS  missing projection blocks apply
  PASS  idle empty surface applies history
  PASS  running empty surface applies history
  PASS  a mid-stream surface with no rows yet applies history
  PASS  a running turn with no history page behind it gets one prepended
  PASS  an already-hydrated running transcript is left alone
  PASS  streaming assistant counts as a cached live turn
  PASS  a live turn with no history page behind it is not cached
  PASS  a live row the page already carries is dropped
  PASS  a live tail the page does not carry is kept
  PASS  foreign session items are not placeholders
  PASS  same-session items stay placeholders
  PASS  same path and generation prove the same session
  PASS  different generations reject placeholders even when paths match
  PASS  empty identities cannot prove the same session
  PASS  backend sync preserves a proven same-session surface
  PASS  same-session backend sync may reuse its resident history
  PASS  backend sync replaces a generation-rebound surface
  PASS  replace-surface hydration carries the target generation fence
  PASS  an unbound live runtime tail can be adopted before its first metadata snapshot
  PASS  a differently identified surface cannot be adopted as a live tail
  PASS  a surface with persisted history is never adopted without session identity
  PASS  a mismatched runtime epoch rejects an unbound live tail
  PASS  retry / explicit no-cache hydrates must not serve the resident snapshot
  PASS  preserveCachedHistory still allows a resident hit
  PASS  unspecified preserveCachedHistory still allows a resident hit
  PASS  reset hydrates never prefer the resident snapshot
  PASS  idle transcript is not replaced by a shorter same-fingerprint resident snapshot
  PASS  a newer backend page still replaces the idle transcript
  PASS  empty idle surface still applies history

31 passed, 0 failed

▶ src/__tests__/hydrate-replace-surface-failure.test.ts

replace-surface hydrate failure
  PASS  replace-surface clears source rows before target history settles
  PASS  target history failure exits the loading state
  PASS  target history failure exposes a retryable error
  PASS  target history failure never restores source rows

4 passed, 0 failed

▶ src/__tests__/image-viewer-window-controls.test.ts
image viewer and automation window controls: 8 passed

▶ src/__tests__/inbox-error-localization.test.ts

inbox error localization
  PASS  zh maps inbox_paused
  PASS  zh maps inbox_capacity_items
  PASS  zh maps inbox_capacity_bytes
  PASS  zh maps inbox_item_too_large
  PASS  zh maps inbox_item_not_found
  PASS  zh maps inbox_invalid_state
  PASS  zh maps inbox_schema_readonly
  PASS  zh maps inbox_closed
  PASS  zh maps inbox_empty
  PASS  zh maps inbox_idempotency_conflict
  PASS  zh maps channel_read_only
  PASS  zh maps workspace_starting
  PASS  zh maps workspace_start_failed
  PASS  legacy backend English is localized
  PASS  legacy startup detail is sanitized and localized
  PASS  traditional Chinese maps stable code
  PASS  English maps stable code
  PASS  cancel failures localize both context and stable code
  PASS  unknown diagnostic details stay intact
  PASS  localized cancel context preserves unknown diagnostics

20 passed

▶ src/__tests__/inbox-recovery-preview.test.ts
inbox recovery preview: PASS

▶ src/__tests__/isolated-worktree.test.ts

isolated worktree
  PASS  bridge exposes non-mutating availability probe
  PASS  bridge exposes isolated workspace creation
  PASS  project menu probes Git before enabling isolation
  PASS  menu disables unavailable or duplicate creation
  PASS  project menu delegates isolated workspace creation
  PASS  project tree identifies isolated worktrees
  PASS  shared badge preserves the credited #6119 design contribution
  PASS  isolated conversation fork and browser mock use the extracted two-argument binding
  PASS  shared fork never sends an extra bridge argument
  PASS  dirty sources are refused with actionable guidance
  PASS  backend fallback state reaches the user
  PASS  chat exposes only capability-gated ordinary branching
  PASS  isolated fork keeps its menu label after extraction
  PASS  isolated fork keeps its confirmation label after extraction
  PASS  dirty auto-commit is opt-in by default
  PASS  confirm re-inspects before sending one identity-bound merge request
  PASS  state drift refreshes the panel instead of continuing
  PASS  merge dialog exposes modal, escape, and focus-loop semantics
  PASS  lazy merge UI keeps layout rules out of inline styles
  PASS  merge confirmation binds the exact dirty worktree content token
  PASS  merge modal captures its trigger before moving focus so close restores the trigger
  PASS  worktree close is a request-object bridge call
  PASS  cleanup is a separate request-object bridge call
  PASS  navigation entry points await backend intent registration before switching
  PASS  navigation registrations preserve user-intent order across deferred bridge calls and remounts
  PASS  separate mock bindings retain isolated-worktree and activation behavior
  PASS  lazy action entry retains exact shared-fork arguments and adoption
  PASS  lazy action entry preserves dirty-worktree refusal without adoption
isolated worktree tests passed

▶ src/__tests__/katex-boxed-css.test.ts
katex boxed CSS/package contract: PASS

▶ src/__tests__/keyboard-shortcuts.test.ts

keyboard shortcuts
  PASS  Cmd+W closes tabs on macOS
  PASS  Cmd+Shift+W key value still matches W on macOS
  PASS  Control+W does not close tabs on macOS
  PASS  Meta+W does not close tabs on Windows
  PASS  Ctrl+W closes tabs on Windows
  PASS  Ctrl+W closes tabs on Linux
  PASS  darwin ignores non-W keys
  PASS  darwin requires the platform modifier
  PASS  windows ignores non-W keys
  PASS  windows requires the platform modifier
  PASS  linux ignores non-W keys
  PASS  linux requires the platform modifier
  PASS  Cmd+K opens the palette on macOS
  PASS  Ctrl+K opens the palette on Windows
  PASS  ? opens shortcut help
  PASS  Cmd+Plus still increases text size
  PASS  formats mac settings shortcut
  PASS  splits mac settings shortcut for display
  PASS  formats Windows settings shortcut
  PASS  splits Windows settings shortcut for display
  PASS  detects shortcut conflicts
  PASS  Cmd+L adds the selection to chat on macOS
  PASS  Ctrl+L adds the selection to chat on Windows
  PASS  extra modifiers do not trigger the selection shortcut
  PASS  rebinding another action onto Ctrl+L conflicts with the selection shortcut
  PASS  Cmd+1 maps to the first topic shortcut on macOS
  PASS  Ctrl+1 is not a topic shortcut on macOS
  PASS  Ctrl+9 maps to the ninth topic shortcut on Windows
  PASS  Meta+9 is not a topic shortcut on Windows
  PASS  topic shortcuts reject extra modifiers
  PASS  Cmd+0 is not a topic shortcut
  PASS  topic shortcuts yield to already-handled custom shortcuts
  PASS  Cmd+1 still works when an input has focus
  PASS  Ctrl+9 still works when a textarea has focus
  PASS  topic badge uses the macOS command glyph
  PASS  topic badge uses the Windows control modifier
  PASS  darwin newline chord defaults to Shift+Enter
  PASS  darwin plain Enter is not the default newline chord
  PASS  darwin Ctrl+Enter is not the default newline chord
  PASS  darwin send chord defaults to plain Enter
  PASS  darwin Shift+Enter is not the default send chord
  PASS  windows newline chord defaults to Shift+Enter
  PASS  windows plain Enter is not the default newline chord
  PASS  windows Ctrl+Enter is not the default newline chord
  PASS  windows send chord defaults to plain Enter
  PASS  windows Shift+Enter is not the default send chord
  PASS  linux newline chord defaults to Shift+Enter
  PASS  linux plain Enter is not the default newline chord
  PASS  linux Ctrl+Enter is not the default newline chord
  PASS  linux send chord defaults to plain Enter
  PASS  linux Shift+Enter is not the default send chord
  PASS  rebinding another action onto Shift+Enter conflicts with the newline chord
  PASS  rebinding the newline chord onto plain Enter conflicts with the send chord
  PASS  composer send accepts modified Enter
  PASS  composer newline accepts modified Enter
  PASS  composer send rejects non-Enter keys
  PASS  unrestricted shortcuts still accept other keys
  PASS  formats the mac newline chord
  PASS  formats the Windows newline chord
  PASS  Cmd+Z matches composer undo on macOS
  PASS  Ctrl+Z matches composer undo on Windows
  PASS  Cmd+Shift+Z matches composer redo on macOS
  PASS  Ctrl+Shift+Z matches composer redo on Linux
  PASS  Ctrl+Y remains a Composer-level conditional fallback
  PASS  macOS undo is reserved while editing
  PASS  Windows redo is reserved while editing
  PASS  conditional Ctrl+Y redo does not reserve a global shortcut
  PASS  composer undo is visible but locked to the native editing chord
  PASS  composer redo is visible but locked to the native editing chord
  PASS  custom shortcuts cannot take the Windows undo chord
  PASS  custom shortcuts cannot take the Windows redo chord

71 passed, 0 failed, 71 total

▶ src/__tests__/keyed-resource.test.ts

keyed stale-while-revalidate resource
  PASS  same-key refresh keeps painted data
  PASS  stale completion is ignored by sequence
  PASS  refresh error preserves painted data
  PASS  new key starts without unrelated data
  PASS  4 resource assertions passed

▶ src/__tests__/language-highlighting.test.ts

language highlighting
  PASS  src/App.cs has one semantic path mapping
  PASS  src/App.cs keeps tool diffs consistent
  PASS  src/App.cs keeps file previews consistent
  PASS  src/App.cs resolves to a registered lexer
  PASS  src/Component.tsx has one semantic path mapping
  PASS  src/Component.tsx keeps tool diffs consistent
  PASS  src/Component.tsx keeps file previews consistent
  PASS  src/Component.tsx resolves to a registered lexer
  PASS  src/view.xaml has one semantic path mapping
  PASS  src/view.xaml keeps tool diffs consistent
  PASS  src/view.xaml keeps file previews consistent
  PASS  src/view.xaml resolves to a registered lexer
  PASS  src/index.html has one semantic path mapping
  PASS  src/index.html keeps tool diffs consistent
  PASS  src/index.html keeps file previews consistent
  PASS  src/index.html resolves to a registered lexer
  PASS  config/app.toml has one semantic path mapping
  PASS  config/app.toml keeps tool diffs consistent
  PASS  config/app.toml keeps file previews consistent
  PASS  config/app.toml resolves to a registered lexer
  PASS  Dockerfile has one semantic path mapping
  PASS  Dockerfile keeps tool diffs consistent
  PASS  Dockerfile keeps file previews consistent
  PASS  Dockerfile resolves to a registered lexer
  PASS  containers/Dockerfile.dev has one semantic path mapping
  PASS  containers/Dockerfile.dev keeps tool diffs consistent
  PASS  containers/Dockerfile.dev keeps file previews consistent
  PASS  containers/Dockerfile.dev resolves to a registered lexer
  PASS  C:\repo\Containerfile.windows has one semantic path mapping
  PASS  C:\repo\Containerfile.windows keeps tool diffs consistent
  PASS  C:\repo\Containerfile.windows keeps file previews consistent
  PASS  C:\repo\Containerfile.windows resolves to a registered lexer
  PASS  Makefile has one semantic path mapping
  PASS  Makefile keeps tool diffs consistent
  PASS  Makefile keeps file previews consistent
  PASS  Makefile resolves to a registered lexer
  PASS  build/GNUmakefile.release has one semantic path mapping
  PASS  build/GNUmakefile.release keeps tool diffs consistent
  PASS  build/GNUmakefile.release keeps file previews consistent
  PASS  build/GNUmakefile.release resolves to a registered lexer
  PASS  CMakeLists.txt has one semantic path mapping
  PASS  CMakeLists.txt keeps tool diffs consistent
  PASS  CMakeLists.txt keeps file previews consistent
  PASS  CMakeLists.txt resolves to a registered lexer
  PASS  public/.htaccess has one semantic path mapping
  PASS  public/.htaccess keeps tool diffs consistent
  PASS  public/.htaccess keeps file previews consistent
  PASS  public/.htaccess resolves to a registered lexer
  PASS  config/httpd.conf has one semantic path mapping
  PASS  config/httpd.conf keeps tool diffs consistent
  PASS  config/httpd.conf keeps file previews consistent
  PASS  config/httpd.conf resolves to a registered lexer
  PASS  config/nginx.conf has one semantic path mapping
  PASS  config/nginx.conf keeps tool diffs consistent
  PASS  config/nginx.conf keeps file previews consistent
  PASS  config/nginx.conf resolves to a registered lexer
  PASS  build/module.makefile has one semantic path mapping
  PASS  build/module.makefile keeps tool diffs consistent
  PASS  build/module.makefile keeps file previews consistent
  PASS  build/module.makefile resolves to a registered lexer
  PASS  go mapping has a registered lexer
  PASS  typescript mapping has a registered lexer
  PASS  tsx mapping has a registered lexer
  PASS  javascript mapping has a registered lexer
  PASS  jsx mapping has a registered lexer
  PASS  coffeescript mapping has a registered lexer
  PASS  json mapping has a registered lexer
  PASS  yaml mapping has a registered lexer
  PASS  xml mapping has a registered lexer
  PASS  xaml mapping has a registered lexer
  PASS  html mapping has a registered lexer
  PASS  bash mapping has a registered lexer
  PASS  python mapping has a registered lexer
  PASS  rust mapping has a registered lexer
  PASS  css mapping has a registered lexer
  PASS  scss mapping has a registered lexer
  PASS  less mapping has a registered lexer
  PASS  markdown mapping has a registered lexer
  PASS  csharp mapping has a registered lexer
  PASS  c mapping has a registered lexer
  PASS  cpp mapping has a registered lexer
  PASS  java mapping has a registered lexer
  PASS  kotlin mapping has a registered lexer
  PASS  scala mapping has a registered lexer
  PASS  groovy mapping has a registered lexer
  PASS  gradle mapping has a registered lexer
  PASS  fsharp mapping has a registered lexer
  PASS  vbnet mapping has a registered lexer
  PASS  sql mapping has a registered lexer
  PASS  ruby mapping has a registered lexer
  PASS  php mapping has a registered lexer
  PASS  lua mapping has a registered lexer
  PASS  dart mapping has a registered lexer
  PASS  perl mapping has a registered lexer
  PASS  r mapping has a registered lexer
  PASS  swift mapping has a registered lexer
  PASS  objectivec mapping has a registered lexer
  PASS  haskell mapping has a registered lexer
  PASS  elixir mapping has a registered lexer
  PASS  clojure mapping has a registered lexer
  PASS  erlang mapping has a registered lexer
  PASS  julia mapping has a registered lexer
  PASS  matlab mapping has a registered lexer
  PASS  powershell mapping has a registered lexer
  PASS  dockerfile mapping has a registered lexer
  PASS  nginx mapping has a registered lexer
  PASS  properties mapping has a registered lexer
  PASS  protobuf mapping has a registered lexer
  PASS  graphql mapping has a registered lexer
  PASS  toml mapping has a registered lexer
  PASS  makefile mapping has a registered lexer
  PASS  cmake mapping has a registered lexer
  PASS  latex mapping has a registered lexer
  PASS  vim mapping has a registered lexer
  PASS  apache mapping has a registered lexer
  PASS  Component.tsx preserves its provider-visible semantic fence tag
  PASS  template.html preserves its provider-visible semantic fence tag
  PASS  settings.toml preserves its provider-visible semantic fence tag
  PASS  View.xaml preserves its provider-visible semantic fence tag

119 passed, 0 failed, 119 total

▶ src/__tests__/launcher-card-state.test.ts
truth table: spaceMode × dismissed
  PASS  renderable m=full d=false
  PASS  visible m=full d=false
  PASS  renderable m=full d=true
  PASS  visible m=full d=true
  PASS  renderable m=hidden d=false
  PASS  visible m=hidden d=false
  PASS  renderable m=hidden d=true
  PASS  visible m=hidden d=true
source contracts
launcher card state: 13 checks passed, 0 failed

▶ src/__tests__/layout-style-defaults.test.ts

layout style defaults
  PASS  wide classic default remains responsive
  PASS  shared store starts from the classic sidebar default
  PASS  shared store starts from the classic dock default
  PASS  Creation applies its sidebar default after style hydration
  PASS  Creation applies its dock default after style hydration
  PASS  applying defaults does not overwrite user preferences
  PASS  switching to workbench restores its responsive sidebar default
  PASS  switching to workbench restores its dock default
  PASS  Creation preserves a saved sidebar width
  PASS  Creation preserves a saved dock width

10 passed, 0 failed, 10 total

▶ src/__tests__/line-number-code.test.tsx

line-number code viewer
  PASS  finds matches on consecutive lines
  PASS  does not carry regex state between lines
  PASS  counts occurrences rather than matching lines
  PASS  whole-word matching respects Unicode word characters
  PASS  treats regex metacharacters as literal search text
  PASS  regex mode evaluates explicit patterns
  PASS  regex mode returns JavaScript-compatible UTF-16 offsets
  PASS  regex anchors continue to address individual source lines
  PASS  reports unsupported multiline regex matches
  PASS  regex mode keeps metacharacter semantics separate from literal search
  PASS  reports invalid regular expressions
  PASS  rejects zero-length regex matches that cannot be highlighted safely
  PASS  keeps non-empty regex results when the expression also produces an empty match
  PASS  caps regular-expression length
  PASS  caps source copied into the regex worker
  PASS  caps regex result sets before returning them to the UI
  PASS  hard timeout terminates a stuck regex worker
  PASS  hard timeout reports a bounded search failure
  PASS  hard timeout covers a worker that never finishes initializing
  PASS  cancelling a stale request terminates its worker
  PASS  discarded requests cannot update search results
  PASS  accepts the current worker response
  PASS  successful searches release worker and timer resources
  PASS  caps pathological result sets
  PASS  reports capped result sets to the viewer
  PASS  keeps syntax highlighting within its budget
  PASS  falls back to plain text above the byte budget
  PASS  falls back to plain text above the line budget
  PASS  keeps ordinary chat code within the shared budget
  PASS  measures the shared byte budget as UTF-8 rather than UTF-16 code units
  PASS  applies the shared line budget without requiring a workspace preview
  PASS  searching < preserves rendered source text
  PASS  searching < highlights the exact entity
  PASS  searching & preserves rendered source text
  PASS  searching & highlights the exact entity
  PASS  splits highlighted multiline source into rows
  PASS  preserves lexer state on the second line
  PASS  keeps copy controls on line-number viewers
  PASS  opens search only for the focused viewer
  PASS  keeps the search shortcut scoped to its owning viewer
  PASS  does not fan the shortcut out to sibling viewers
  PASS  removes the covered floating copy control while search is open
  PASS  keeps copy available as a visible search-toolbar action
  PASS  consumes a search request that arrived before the editor mounted
  PASS  acknowledges a consumed search request
  PASS  activates the first match after a query settles
  PASS  reveals the first match instead of leaving the viewport behind
  PASS  marks the first matching line as current
  PASS  Enter advances from the visible first match
  PASS  Enter reveals the next matching line
  PASS  Shift+Enter navigates to the previous match
  PASS  repeated find shortcuts stay scoped while the search input is focused
  PASS  immediate Enter commits a pending query at its first match
  PASS  immediate Enter reveals the first result instead of skipping ahead
  PASS  exposes the inactive match-case state
  PASS  exposes the active match-case state
  PASS  keeps regex mode disabled by default
  PASS  exposes regex mode as an explicit advanced toggle
  PASS  shows a localized error before unsafe regex work starts
  PASS  closes the viewer-scoped search toolbar
  PASS  restores the floating copy control after search closes
  PASS  uses the plain-text path above the syntax budget
  PASS  plain-text fallback preserves escaped source text
  PASS  plain-text fallback skips syntax token markup
  PASS  keeps the established viewer as the default seam
  PASS  requires an explicit line-number opt-in
  PASS  keeps copy available on default code blocks
  PASS  ordinary chat blocks reuse the shared syntax budget
  PASS  oversized chat blocks skip syntax token generation
  PASS  oversized chat blocks preserve their plain-text content

70 passed, 0 failed

▶ src/__tests__/local-path-click-e2e.test.tsx

headless click-to-open e2e
  PASS  exactly one anchor rendered
  PASS  anchor href is the encoded file URL (file:///D:/Project/Jhtj/20250804_000000_001_%E4%B8%AD%E5%81%9C%E6%97%B6%E5%88%86%E6%9E%90/05-%E9%9D%99%E6%80%81%E9%AA%8C%E6%94%B6.md)
  PASS  click invoked OpenLocalPath once
  PASS  OpenLocalPath received the decoded CJK path (D:/Project/Jhtj/20250804_000000_001_中停时分析/05-静态验收.md)
  PASS  system browser was not involved
  PASS  UNC path forwarded as slash form (//nas/share/docs/report.md)
  PASS  canonical UNC markdown link renders an anchor
  PASS  canonical UNC path forwarded correctly (//nas/share/docs/report.md)
  PASS  explicit file:/// markdown link opens locally
  PASS  local path context menu opens on right click
  PASS  file manager is not duplicated in the open-with list
  PASS  context menu opens the path with the selected application
  PASS  right-button auxclick does not open a local path
  PASS  StrictMode opener discovery populates the local-path menu
  PASS  latest opener discovery populates the local-path menu
  PASS  stale opener discovery cannot replace the latest result
  PASS  right-button auxclick does not open an http link
  PASS  http link went to the system browser
  PASS  OpenLocalPath was not called for the http link
  PASS  no anchors for plain text

20 passed, 0 failed

▶ src/__tests__/local-path-links.test.tsx

linkifyLocalPaths — drive paths
  PASS  issue case: Chinese dirs and underscores survive
  PASS  unescaped space still ends the path
  PASS  escaped space unescapes to the real path
  PASS  forward-slash drive path
  PASS  trailing period stripped
  PASS  trailing comma stripped
  PASS  trailing closing paren stripped
  PASS  trailing ellipsis stripped
  PASS  CJK period stops the path
  PASS  CJK comma stops the path
  PASS  semicolon stops the path
  PASS  full-width parens stop the path
  PASS  full-width paren group after path

linkifyLocalPaths — file:/// and UNC
  PASS  file URL matched whole, drive part not double-matched
  PASS  file URL with CJK dirs
  PASS  file URL trailing period stripped
  PASS  authority-form UNC text becomes a local link
  PASS  malformed file URL is not linkified
  PASS  device-authority file URL is not linkified
  PASS  alternate data stream file URL is not linkified
  PASS  file URL with a query is not partially linkified
  PASS  UNC path matched whole and \\ prefix restored

linkifyLocalPaths — lookalikes and non-paths
  PASS  bare drive letter is not a path
  PASS  clock time is not a path
  PASS  version string is not a path
  PASS  http URL untouched (GFM handles it)
  PASS  custom URI containing file:// is not partially linkified
  PASS  file:// inside another URI is not linkified
  PASS  file:// in a URI query is not linkified
  PASS  file:// in a URI fragment is not linkified
  PASS  file:// after an ampersand is not linkified
  PASS  file:// after an equals sign is not linkified
  PASS  drive path after a letter is rejected without lookbehind
  PASS  file URL drive segment is not double-matched
  PASS  share-less backslash path in prose is not a UNC path
  PASS  drive path does not also become a UNC match
  PASS  real UNC path still matches
  PASS  alternate data stream drive path stays inert
  PASS  device namespace path stays inert
  PASS  reserved DOS device path stays inert
  PASS  numbered DOS device path stays inert
  PASS  ordinary device-like name remains linkable
  PASS  escaped-space path with (x86) keeps its closing paren

segment alternation
  PASS  text/link/text/link/text alternation
  PASS  leading plain text
  PASS  first link segment
  PASS  middle plain text
  PASS  second link segment
  PASS  trailing plain text

localPathHref round-trip
  PASS  backslashes become forward slashes
  PASS  CJK percent-encoded
  PASS  hash escaped for URL safety
  PASS  already-absolute file URL is not double-prefixed
  PASS  literal %xx in a file URL is not double-encoded
  PASS  authority-form UNC URL is preserved
  PASS  slash-form UNC URL is preserved
  PASS  decoded %20 becomes a real space
  PASS  decodes plain path
  PASS  preserves the leading slash for Unix paths
  PASS  parses authority-form UNC URLs
  PASS  normalizes four-slash UNC URLs
  PASS  normalizes generated five-slash UNC URLs
  PASS  rejects device-namespace authority
  PASS  rejects slash-form device namespace
  PASS  rejects encoded slash-form device namespace
  PASS  rejects query-form device namespace
  PASS  rejects encoded query-form device namespace
  PASS  rejects alternate data stream file URL
  PASS  rejects reserved DOS device file URL
  PASS  rejects numbered DOS device file URL
  PASS  keeps Unix files named like DOS devices
  PASS  rejects file URL query strings
  PASS  rejects file URL fragments
  PASS  decodes percent-encoded CJK
  PASS  malformed escapes yield null
  PASS  uppercase file scheme is not a local URL
  PASS  http URL is not local
  PASS  undefined href is not local

remark plugin via react-markdown render
  PASS  plain drive path renders as a file:/// anchor
  PASS  anchor label keeps the original text
  PASS  CJK comma boundary renders drive link
  PASS  explicit file URL renders its own anchor
  PASS  authority-form UNC link survives URL sanitization
  PASS  plain text without paths renders no anchors
  PASS  explicit link text is not re-linkified (no nested anchors)
  PASS  uppercase FILE:/// stays inert (case-sensitive allowlist)

86 passed, 0 failed

▶ src/__tests__/management-navigation.test.ts
PASS all settings routes, remembered targets, functional updates, page retention and linked-session generations

▶ src/__tests__/management-shortcuts.test.tsx
PASS hidden-workspace shortcuts, command palette, child-dialog priority and return shortcut

▶ src/__tests__/markdown-idle-highlight.test.tsx

markdown idle highlight
  PASS  fixture exceeds the idle-highlight threshold
  PASS  fixture stays under the highlight skip cap
  PASS  oversized block mounts as plain text
  PASS  plain first paint carries the COMPLETE source
  PASS  plain first paint has no highlight markup
  PASS  highlight is scheduled for idle time
  PASS  idle callback swaps in highlighted HTML
  PASS  highlighted output contains token spans
  PASS  text content is identical before and after highlighting
  PASS  small blocks highlight synchronously
  PASS  small blocks render token spans immediately
  PASS  small blocks schedule no idle work
  PASS  over-cap blocks stay plain
  PASS  over-cap blocks still show the complete source
  PASS  over-cap blocks schedule no idle highlight
  PASS  over-cap blocks remain plain after idle

16 passed, 0 failed, 16 total

▶ src/__tests__/markdown-image-proxy.test.ts

markdown image proxy
  PASS  native shell routes HTTPS images through the backend endpoint
  PASS  native shell routes protocol-relative images through the backend endpoint
  PASS  data images stay local
  PASS  workspace images stay local
  PASS  browser development keeps direct image URLs
  PASS  the shared components map owns the image element
  PASS  both streaming and worker paths use the async image resolver

7 markdown image proxy assertions passed

▶ src/__tests__/markdown-natural-flow.test.tsx
markdown natural flow: worker races, stable DOM/selection, final references, cache and complete blocks passed

▶ src/__tests__/markdown-pipeline.test.tsx

markdown pipeline parity
  PASS  code-fence fixture exceeds 100KB
  PASS  headingsAndProse: pipeline render matches react-markdown
  PASS  headingsAndProse: sliced blocks render identically (3 blocks)
  PASS  gfmTable: pipeline render matches react-markdown
  PASS  gfmTable: sliced blocks render identically (1 blocks)
  PASS  taskList: pipeline render matches react-markdown
  PASS  taskList: sliced blocks render identically (1 blocks)
  PASS  strikethroughAutolink: pipeline render matches react-markdown
  PASS  strikethroughAutolink: sliced blocks render identically (1 blocks)
  PASS  mathInline: pipeline render matches react-markdown
  PASS  mathInline: sliced blocks render identically (1 blocks)
  PASS  mathBlockRepair: pipeline render matches react-markdown
  PASS  mathBlockRepair: sliced blocks render identically (4 blocks)
  PASS  mathInlinePipe: pipeline render matches react-markdown
  PASS  mathInlinePipe: sliced blocks render identically (1 blocks)
  PASS  footnotes: pipeline render matches react-markdown
  PASS  footnotes: sliced blocks render identically (2 blocks)
  PASS  crossBlockRefs: pipeline render matches react-markdown
  PASS  crossBlockRefs: sliced blocks render identically (5 blocks)
  PASS  mermaidFence: pipeline render matches react-markdown
  PASS  mermaidFence: sliced blocks render identically (1 blocks)
  PASS  bigCodeFence: pipeline render matches react-markdown
  PASS  bigCodeFence: sliced blocks render identically (1 blocks)
  PASS  cjk: pipeline render matches react-markdown
  PASS  cjk: sliced blocks render identically (2 blocks)
  PASS  rawHtml: pipeline render matches react-markdown
  PASS  rawHtml: sliced blocks render identically (1 blocks)
  PASS  unsafeAndFileLinks: pipeline render matches react-markdown
  PASS  unsafeAndFileLinks: sliced blocks render identically (1 blocks)
  PASS  manyBlocks: pipeline render matches react-markdown
  PASS  manyBlocks: sliced blocks render identically (80 blocks)
  PASS  empty fenced blocks do not render phantom code cards
  PASS  text around empty fenced blocks remains visible
  PASS  non-empty comment code blocks remain visible
  PASS  non-empty comment code keeps its code-block surface
  PASS  block keys are stable indexes
  PASS  footnote section is the trailing block
  PASS  footnote reference links survive slicing
  PASS  footnote definition anchors survive slicing
  PASS  urlTransform parity for "https://example.com/a?b=c#d"
  PASS  urlTransform parity for "http://example.com"
  PASS  urlTransform parity for "mailto:user@example.com"
  PASS  urlTransform parity for "javascript:alert(1)"
  PASS  urlTransform parity for "vbscript:x"
  PASS  urlTransform parity for "data:text/html,boom"
  PASS  urlTransform parity for "./relative/path"
  PASS  urlTransform parity for "../up"
  PASS  urlTransform parity for "/absolute"
  PASS  urlTransform parity for "#fragment"
  PASS  urlTransform parity for "query?only"
  PASS  urlTransform parity for "ftp://example.com/file"
  PASS  urlTransform parity for "file:///etc/passwd"
  PASS  urlTransform parity for "HTTPS://EXAMPLE.COM/upper"
  PASS  urlTransform parity for "ircs://irc.example.com/chan"
  PASS  urlTransform parity for "xmpp:user@example.com"
  PASS  urlTransform parity for "a:b:c"
  PASS  urlTransform parity for ""
  PASS  urlTransform parity for "C:\\src\\app.ts"
  PASS  authority-form UNC survives pipeline URL sanitization
  PASS  authority-form UNC href survives HAST rendering
  PASS  unsafe local URL is blanked: file://./PhysicalDrive0
  PASS  unsafe local URL is blanked: file:////?/C:/Windows
  PASS  unsafe local URL is blanked: file:///C:/safe.txt:payload
  PASS  unsafe local URL is blanked: file:///tmp/report.md?download=1
  PASS  unsafe local URL is blanked: file:///tmp/report.md#section
  PASS  content revision is deterministic
  PASS  content revision distinguishes texts
  PASS  hast byte estimate is positive and bounded
  PASS  hast byte estimate grows with content

markdown selection projection
  PASS  selection projection preserves readable structure, code, tables, CJK, emoji and LaTeX
  PASS  native DOM selection includes Unicode, links and complete code text
  PASS  selection revision fingerprints projected UTF-16 text
  PASS  large plain table uses the virtual table representation
  PASS  virtual table projection includes rows that never mount in the DOM

74 passed, 0 failed, 74 total

▶ src/__tests__/markdown-worker-client.test.ts

markdown worker client
  PASS  request posted to the worker
  PASS  response resolves with the full parse result
  PASS  pending map drains after a response
  PASS  cancelled parse resolves undefined
  PASS  cancelling active work terminates the stale parser
  PASS  late response for a cancelled id is dropped
  PASS  parse cancelled during worker startup resolves undefined
  PASS  no pending entry survives an early cancel
  PASS  worker parse error rejects with its message
  PASS  pending map drains after an error
  PASS  crashed worker rejects stranded requests
  PASS  a fresh parse recreates the worker after a crash
  PASS  recreated worker serves the retry
  PASS  fallback resolves the parse result without a Worker
  PASS  fallback receives the exact source text
  PASS  dispose settles a pending request (1)
  PASS  dispose settles a pending request (2)
  PASS  dispose terminates the worker
  PASS  dispose drains the pending map
  PASS  parse after dispose resolves undefined immediately
  PASS  no pending-request growth across 100 mixed cycles
  PASS  no unhandled rejections across 100 mixed cycles
  PASS  every cycle issued exactly one request
  PASS  worker queue runs only one parse at a time
  PASS  request ids increase monotonically

25 passed, 0 failed, 25 total

▶ src/__tests__/math-golden.test.ts

stripMathDelimiters
  PASS  \(...\)
  PASS  \[...\]
  PASS  $$...$$
  PASS  $...$
  PASS  no delimiters
  PASS  inline with pipe

latexNormalizeForKatex
  PASS  plain unchanged
  PASS  escapes # in \text
  PASS  escapes $ in \text
  PASS  escapes & % _ ^ ~ in \text
  PASS  no double-escape
  PASS  non-text commands
  PASS  | to \vert without doubled space
  PASS  |x| keeps command boundary
  PASS  already escaped $
  PASS  raw % escaped to \% (KaTeX comment-char fix)
  PASS  % at end of math escaped
  PASS  % between letters escaped
  PASS  already-escaped \% not double-escaped
  PASS  \textrm also handled
  PASS  \textbf no special chars
  PASS  nested braces in command
  PASS  \| is left alone (readCommand handles \|, not | branch)
  PASS  \\| line break + pipe: both | → \vert
  PASS  array column-spec | preserved (c|c)
  PASS  array column-spec ||| preserved
  PASS  array column-spec cc|c preserved
  PASS  pipe OUTSIDE array still → \vert
  PASS  tabular column-spec | preserved
  PASS  ket \|uud\rangle → \vert
  PASS  ket \|\alpha\rangle → \vert
  PASS  ket with content → \vert
  PASS  ket in fraction → \vert
  PASS  two kets both → \vert
  PASS  norm \|x\| preserved (double bar)
  PASS  norm \|v\|^2 preserved
  PASS  norm with content preserved
  PASS  bra \langle\psi\| → \vert
  PASS  inner product \| → \vert
  PASS  \tag without aligned passes through
  PASS  aligned without \tag unchanged
  PASS  aligned with \tag → align
  PASS  aligned with multiple \tag → align
  PASS  boxed aligned with \tag → boxed align
  PASS  gathered with \tag → gather

isLikelyInlineMath — math
  PASS  $x$ (single var)
  PASS  $E=mc^2$
  PASS  $x_i^2$
  PASS  $\alpha$
  PASS  $a \le b$
  PASS  $\frac{a}{b}$
  PASS  $f(x)$
  PASS  $x+1$

isLikelyInlineMath — classifier gaps from PR #4543
  PASS  $\tfrac12$
  PASS  $\sqrt2$
  PASS  $SO(3,1)$
  PASS  $SU(2)$
  PASS  $GL(n)$
  PASS  $K = -iJ$
  PASS  $p = +\alpha$
  PASS  $+$
  PASS  $=$

isLikelyInlineMath — numeric syntax and contextual currency
  PASS  $5 defaults to literal without math context
  PASS  $10 defaults to literal without math context
  PASS  $10.50 defaults to literal without math context
  PASS  $100% defaults to math
  PASS  costs $5$ is contextual currency
  PASS  price is $10.50$ each is contextual currency
  PASS  10–$20$ MeV remains math
  PASS  $20$ MeV uses a scientific unit as positive math context
  PASS  $5$ cm uses an SI-prefixed unit as positive math context
  PASS  $2$ L uses a scientific unit symbol as positive math context
  PASS  $3$ dB uses a common scientific unit as positive math context
  PASS  x = $2$ uses an operator as positive math context
  PASS  URL
  PASS  prose text
  PASS  prose $x y z$ (spaces)
  PASS  $PATH$ env token
  PASS  $TODO$ word token
  PASS  $OK$ word token
  PASS  $v1$ version token
  PASS  $foo$ plain word

isLikelyInlineMath — single-letter regression
  PASS  lowercase $x$ → math
  PASS  uppercase $I$ → math (math name in non-English prose)
  PASS  uppercase $A$ → math
  PASS  uppercase $V$ → math

isLikelyInlineMath — primed letters and bracketed labels
  PASS  $S'$ → math (primed letter)
  PASS  $y''$ → math (double prime)
  PASS  $f'(x)$ → math (primed function)
  PASS  $\psi'$ → math (Greek with prime)
  PASS  $[56]$ → math (irrep label)
  PASS  $[56,0^+]$ → math
  PASS  $[\mathbf{56}]$ → math

isLikelyInlineMath — minimal LaTeX patterns (regression)
  PASS  single-digit $1$, $2$, $5$ → literal without context
  PASS  multi-digit $42$ → literal without context
  PASS  $2.5x$ is math (number with variable)
  PASS  $10%$ is math (percentage with LaTeX)
  PASS  $2.5x dollars$ → NOT math (prefix-only numeric variable)
  PASS  $10\% off$ → NOT math (prefix-only escaped percentage)
  PASS  $5\cdot3$ is math (number with LaTeX command)
  PASS  comma-separated $A, B$ → math (ordered pair)
  PASS  comma-separated $1, 2, 3$ → math (sequence)
  PASS  comma-separated $\alpha, \beta$ → math (Greek pair)
  PASS  parens-wrapped $(A, B)$ inner → math
  PASS  cycle notation $(12)$ → math
  PASS  cycle notation $(12)(34)$ → math
  PASS  $S$ (set name) → math
  PASS  $S$ with surrounding prose (regression)
  PASS  one-sided comparison $< B$ → math
  PASS  one-sided comparison $<= 0$ → math
  PASS  one-sided comparison $> 5$ → math
  PASS  one-sided comparison $A <$ → math
  PASS  one-sided equality $=1$ → math
  PASS  one-sided signed equality $=-1$ → math
  PASS  one-sided equality is fully anchored
  PASS  $< B$ with surrounding prose

KaTeX renderToString — end to end
  PASS  chiral decomposition renders
  PASS  \|x\| renders as double bars

normalizeMath — LLM delimiter conversion
  PASS  \(…\) → $…$
  PASS  \[…\] → $$…$$
  PASS  \\[ line-break spacing protected

normalizeMath — \slashed conversion (regression)
  PASS  \slashed{p} deferred to AST policy
  PASS  \slashed{\partial} deferred to AST policy
  PASS  \slashed in prose deferred to AST policy
  PASS  unbraced \slashed normalisation deferred to AST policy
  PASS  unbraced \slashed letter normalisation deferred to AST policy

normalizeMath — inline $$ glued to prose (regression)
  PASS  inline $$ after prose
  PASS  inline $$ after closing bracket
  PASS  inline $$ after closing brace (\end{...}$$)
  PASS  inline $$ after comma on same line as content
  PASS  well-formed $$ already on own line is normalised consistently
  PASS  \[…\] → $$…$$ still works (no spurious blank line)
  PASS  digit before $$ is NOT a prose boundary (preserves c^2$$)
  PASS  orphan opening $$ is not duplicated
  PASS  multiple display blocks on one line are all normalised

normalizeMath — semantic dollar decisions deferred to AST policy
  PASS  $1$ preserved for contextual classification
  PASS  $PATH$ preserved for AST literal restoration
  PASS  $x^2+y^2$ is math
  PASS  $\alpha+\beta$ is math
  PASS  $10.50$ preserved for contextual classification
  PASS  $I$ is math (uppercase single letter)
  PASS  multiple prose dollars preserved for parser-aware policy

normalizeMath — Markdown code regions stay literal
  PASS  inline code with env token
  PASS  multiple inline code spans
  PASS  fenced code with env token
  PASS  fenced code protected while prose math renders
  PASS  escaped $ in inline code stays literal
  PASS  regex patterns with $ in code blocks stay literal
  PASS  template literals with $ in inline code stay literal

normalizeMath — text-mode escapes (regression)
  PASS  $\text{cost is $5}$ inner $ is parser-safe and reversible
  PASS  $\text{baryon #}$ # escape is deferred to AST policy
  PASS  $\text{a & b}$ & escape is deferred to AST policy
  PASS  $\text{cost is \$5}$ escaped dollar stays literal
  PASS  $\textrm{cost is \$5}$ escaped dollar stays literal
  PASS  $\sqrt{x}$ non-text command preserved

normalizeMath — TEXT_MODE_PAIR trailing content
  PASS  $\text{cost is $5} + x^2$ inner $ escaped with trailing
  PASS  $\text{a} | b$ pipe after text command
  PASS  $\text{abc}$ simple text-mode (no trailing)

normalizeMath — pipe handling
  PASS  $|x+1|$ absolute value
  PASS  $\|x\|$ norm preserved (no \vert mangling)

normalizeMath — % in math
  PASS  trailing % escape deferred to AST policy
  PASS  pure percentage preserved for AST math policy
  PASS  already-escaped \% left alone

normalizeMath → KaTeX end-to-end
  PASS  text mode with literal $: $\text{cost is $5}$
  PASS  text mode with #: $\text{baryon #}$
  PASS  text mode with &: $\text{a & b}$
  PASS  norm: $\|x\|$
  PASS  abs value: $|x+1|$
  PASS  simple equation: $x=1$
  PASS  fraction: $\frac{a}{b}$
  PASS  greek letters: $\alpha + \beta$
  PASS  sqrt with surrounding spaces: $ \sqrt{x} $
  PASS  display equation: $$E=mc^2$$
  PASS  LLM-native inline delimiter: \(\alpha\)
  PASS  LLM-native display delimiter: \[\sum_{i=1}^n i\]
  PASS  display with absolute values: $$ |a| = |b| $$
  PASS  boxed aligned (no \tag): $$\boxed{\begin{aligned}
r_A E_\pi(k;0) &= B(k^2) \\
F_R(k;0) + 2r_A F_\pi(k;0) &= A(k^2)
\end{aligned}}$$
  PASS  boxed aligned with \tag → align (no error): $$\boxed{\begin{aligned}
r_A E_\pi(k;0) &= B(k^2) \tag{10}\\
F_R(k;0) + 2r_A F_\pi(k;0) &= A(k^2) \tag{11}
\end{aligned}}$$
  PASS  LLM-native boxed aligned: \[\boxed{\begin{aligned}
x &= 1 \\
y &= 2
\end{aligned}}\]
  PASS  array with c|c column spec: $$\begin{array}{c|c} a & b \\ c & d \end{array}$$
  PASS  array with cc|c column spec: $$\begin{array}{cc|c} a & b & c \\ d & e & f \end{array}$$
  PASS  array with |c|c| column spec: $$\begin{array}{|c|c|} a & b \\ c & d \end{array}$$
  PASS  ket with \| → single bar (regression): $\|\psi\rangle$
  PASS  ket in fraction with \|: $\frac{1}{\sqrt{2}}\|uud\rangle$
  PASS  norm \|x\| → double bar (regression): $\|x\|$
  PASS  bra closer \| → single bar (regression): $\langle\psi\|$
  PASS  primed letter S': $S'$
  PASS  primed function call: $f'(x)$
  PASS  bracketed irrep label: $[56]$
  PASS  bracketed irrep label with charge: $[56,0^+]$

normalizeMath — non-math inputs pass through
  PASS  multi-digit currency preserved for AST policy: costs $100$ today
  PASS  LaTeX line-break spacing: line break \\[4pt] here
  PASS  plain text: hello world

normalizeMath → remark-math render boundary
  PASS  currency '$5 and $6' renders as literal dollars, not math
  PASS  paired currency 'costs $1$ today' drops the spurious closing delimiter
  PASS  paired decimal currency uses surrounding price context
  PASS  Chinese paired currency uses localized price context
  PASS  full-width punctuation keeps paired currency literal
  PASS  parentheses do not hide preceding currency context
  PASS  braces do not hide preceding currency context
  PASS  curly quotes do not hide preceding currency context
  PASS  full-width parentheses do not hide Chinese currency context
  PASS  parenthesized suffix currency unit repairs paired dollars
  PASS  dash-separated cash suffix repairs paired dollars
  PASS  cash context keeps paired currency literal
  PASS  bold markup does not hide preceding currency context
  PASS  emphasis does not hide surrounding currency context
  PASS  ambiguous paired numbers remain literal without positive math context
  PASS  env var $PATH$ renders as literal, not math
  PASS  range endpoint 10–$20$ MeV renders numeric math
  PASS  standalone $42$ remains literal without positive math context
  PASS  scientific unit makes a paired number mathematical
  PASS  centimetres make a paired number mathematical
  PASS  litres make a paired number mathematical
  PASS  decibels make a paired number mathematical
  PASS  parenthesized scientific quantity remains mathematical
  PASS  parenthesized ambiguous value retains mathematical wrapper context
  PASS  one-sided equality $=1$ renders as math
  PASS  one-sided equality does not prefix-match prose
  PASS  inline code remains outside math policy
  PASS  AST policy applies KaTeX percent normalisation
  PASS  AST policy applies unbraced slashed normalisation
  PASS  AST policy preserves braced slashed source after rendering
  PASS  parser-safe text-mode math restores the exact copy source
  PASS  real inline math $x^2$ still renders as KaTeX
  PASS  inline math with asymmetric delimiter padding still renders
  PASS  inline math with multiple delimiter spaces still renders
  PASS  GFM table preserves inline absolute-value math and every cell
  PASS  display math preserves original TeX in the KaTeX root and annotation
  PASS  inline Young diagrams preserve their authored macro source
  PASS  display Young tableaux preserve their authored macro source
  PASS  Young source survives nested pipe protection without cross-assignment
  PASS  multiple formulas restore their own source without cross-assignment
  PASS  blockquote display math does not swallow following inline math
  PASS  multi-line blockquote display math strips quote markers from the formula

normalizeMath — Young diagram macros
  PASS  \yng(2,1) renders as (2,1) Young diagram
  PASS  \yng(2,1) in prose (no $ delimiters) gets wrapped and rendered
  PASS  \yng inside \(...\) does not get double-wrapped
  PASS  \yng inside \[...\] stays display math without triple dollars
  PASS  escaped dollar before bare \yng does not suppress wrapping
  PASS  digit-starting inline math with \yng does not get nested wrappers
  PASS  digit-starting inline math with \young does not get nested wrappers
  PASS  display math ending in digit closes before following bare \yng
  PASS  bare \yng after inline math is separated from adjacent dollars
  PASS  bare \yng before inline math is separated from adjacent dollars
  PASS  \yng (2,1) with a space before parens gets wrapped and rendered
  PASS  \yng(3,2,1) renders as (3,2,1) Young diagram
  PASS  \yng(2,1){a&b\\c\\d&e} renders filled Young tableau
  PASS  \young(2 1) compatibility shorthand renders as (2,1) diagram
  PASS  \young(ab,c) labelled youngtab syntax renders labels
  PASS  \young(ab,c) labelled cells keep boxes
  PASS  \young(abcd,:cd,:c) skew placeholders are invisible offsets
  PASS  \yng(4,3,2,1) renders as (4,3,2,1) Young diagram
  PASS  \yng(3,2,1) uses left-aligned array (rows start at same x)
  PASS  expandYoungDiagrams uses flush cells (\! cancels \,)
  PASS  expandYoungDiagrams uses flush rows (\[-0.525em] closes the math-axis gap)
  PASS  expandYoungDiagrams substitutes correct array form
  PASS  expandYoungDiagrams handles \yng with content
  PASS  expandYoungDiagrams handles labelled \young rows
  PASS  expandYoungDiagrams treats comma-separated numeric \young as labels, not a 12-cell row
  PASS  expandYoungDiagrams leaves invalid negative \yng shape alone
  PASS  expandYoungDiagrams leaves oversized \yng shape alone
  PASS  expandYoungDiagrams leaves non-Young macros alone

263 passed, 0 failed, 263 total

▶ src/__tests__/mcp-app-protocol.test.ts
  PASS  complete tool arguments are parsed
  PASS  invalid arguments degrade to an empty object
  PASS  non-object arguments are refused
  PASS  raw MCP result content is preserved
  PASS  raw structuredContent wins over duplicate presentation data
  PASS  standard result fields are preserved
  PASS  text fallback becomes a CallToolResult content block
  PASS  bounded structured fallback is delivered
  PASS  App-initiated call preserves isError
  PASS  App-initiated call preserves structuredContent
  PASS  App-initiated call preserves embedded resource metadata
  PASS  App-initiated call preserves result metadata
  PASS  invalid App-initiated CallToolResult is rejected
  PASS  https link origin is normalized
  PASS  http loopback-style origin is allowed
  PASS  unsafe link is refused: javascript:alert(1)
  PASS  unsafe link is refused: file:///tmp/secret
  PASS  unsafe link is refused: https://user:pass@example.test/private
  PASS  unsafe link is refused: //example.test/no-scheme
  PASS  AppBridge sends complete input before the tool result
  PASS  AppBridge teardown is attempted before unmount cleanup
  PASS  privileged App callbacks use tab-bound host APIs

22 passed, 0 failed

▶ src/__tests__/mcp-interaction.test.tsx
  PASS  App decision surface recomputes when an MCP interaction arrives
  PASS  old and new flat schema properties become fields
  PASS  string field carries required + bounds
  PASS  integer field carries default + max
  PASS  boolean field detected
  PASS  legacy enumNames labels stay compatible
  PASS  2025-11-25 titled single-select is normalized
  PASS  2025-11-25 titled multi-select carries defaults
  PASS  string formats reach the renderer
  PASS  nested schemas fail closed instead of becoming text
  PASS  null schema yields no fields
  PASS  schema without properties yields no fields
  PASS  boolean default stays explicit
  PASS  missing required reported by label
  PASS  valid values coerce without errors
  PASS  scalar values coerce to JSON types
  PASS  multi-select answers remain string arrays
  PASS  bounds, fractional integers, and selection limits are rejected
  PASS  mcp_interaction event sets state
  PASS  mcp_interaction waits for the user
  PASS  prompt_answered clears the card
  PASS  browser mock routes the MCP interaction to its origin tab
  PASS  browser mock identifies the requesting MCP server
  PASS  browser mock exposes old and new structured controls
  PASS  browser mock acknowledges the MCP answer on the origin tab
  PASS  browser mock completes the preview turn after an answer
  PASS  browser mock can be triggered repeatedly
  PASS  repeated browser mocks use distinct prompt ids
  PASS  card shows server and field label
  PASS  server message describes the dialog without crowding its title
  PASS  form field rendered as input
  PASS  required field prefilled from schema default
  PASS  new form focuses its first field
  PASS  immediate MCP actions are not exposed as listbox options
  PASS  MCP actions expose button-group semantics
  PASS  submit action rendered
  PASS  submit sends accept with the typed form values
  PASS  unknown nested schema cannot be submitted as lossy text
  PASS  unsupported form keeps a clear safe exit and explanation
  PASS  invalid form does not answer the blocked MCP request
  PASS  required field exposes native and ARIA validation state
  PASS  field error is associated with its control
  PASS  failed submit returns focus to the first invalid field
  PASS  url card shows the exact server and target host
  PASS  url card hides query params from the summary line
  PASS  url mode keeps cancel distinct from decline
  PASS  open link passes the exact URL once
  PASS  accept without form content

48 passed, 0 failed

▶ src/__tests__/mcp-oauth-eligibility.test.ts

▶ src/__tests__/memory-citation-visibility.test.ts

memory citation visibility
  PASS  compiler-only citations stay out of the transcript
  PASS  regular memory citations remain visible
  PASS  mixed citations keep only user-facing memory references
  PASS  mixed citations preserve the regular memory citation
  PASS  non-Memory-v5 compiler kind is not hidden by kind alone

5 passed, 0 failed

▶ src/__tests__/memory-compiler-display.test.ts

memory compiler display strip
  PASS  leaves plain user text untouched
  PASS  removes a complete contract block
  PASS  removes a complete block after user text
  PASS  cuts a dangling/truncated block instead of leaking raw JSON

4 passed, 0 failed

▶ src/__tests__/mermaid-rendering.test.tsx
  PASS  matrix failures are contained during pan/zoom layout sync
  PASS  matrix failures are contained during toolbar actions
  PASS  zero-sized layouts are deferred before SVG matrix work
  PASS  inline pan/zoom wraps the drawing in one viewport group
  PASS  SVG definitions stay outside the transformed viewport
  PASS  the viewport does not transform SVG definitions
  PASS  definition children remain available by ID
  PASS  fit keeps the browser meet mapping at unit scale
  PASS  wheel zooms in around the cursor
  PASS  wheel zoom-out clamps at the minimum zoom
  PASS  reset restores the fitted unit transform
  PASS  wheel zoom-in clamps at the maximum zoom
  PASS  pointer drag pans the drawing in screen pixels
  PASS  destroy detaches the interaction listeners
  PASS  MermaidDiagram no longer imports svg-pan-zoom
  PASS  styles no longer carry svg-pan-zoom hooks

mermaid rendering
  PASS  streaming markdown commits on an animation frame
  PASS  streaming markdown applies an adaptive parse budget
  PASS  streaming markdown exposes an immediate lightweight tail
  PASS  large Markdown finalization waits for browser idle time
  PASS  large Markdown finalization emits a performance measure
  PASS  large Markdown retains completed top-level sections
  PASS  stable Markdown sections share one semantic container
  PASS  Markdown blocks skip offscreen layout while preserving learned intrinsic sizes
  PASS  Markdown exposes an explicit streaming state
  PASS  assistant messages pass streaming state to Markdown
  PASS  the shared components map lazy-loads the Mermaid renderer
  PASS  the shared components map routes mermaid fenced code blocks to the Mermaid renderer
  PASS  large headed Markdown is divided into bounded stable chunks
  PASS  stable Markdown chunking preserves every source byte
  PASS  appending a section leaves all completed chunks unchanged
  PASS  fenced Markdown chunking preserves source bytes
  PASS  headings inside fenced code never become section boundaries
  PASS  cross-section references use one semantic Markdown renderer
  PASS  list containers stay in one semantic Markdown renderer
  PASS  stable Markdown optimization preserves nested list and fence DOM semantics
  PASS  short streaming Markdown uses the 50ms parse budget
  PASS  medium streaming Markdown uses the 150ms parse budget
  PASS  long streaming Markdown uses the 300ms parse budget
  PASS  commit target stops at the last completed block
  PASS  no completed block means nothing to parse yet
  PASS  trailing boundary commits everything
  PASS  an open fence stays in the tail for code-styled streaming
  PASS  open display math keeps the whole text parsed
  PASS  a closed fence promotes immediately without waiting for a blank line
  PASS  closed display math promotes immediately
  PASS  a partial heading line completes the paragraph before it
  PASS  a terminated heading promotes itself as a complete block
  PASS  a later list marker commits prior tight list items, including indented URL continuations
  PASS  an in-progress list marker still commits the previous completed item
  PASS  a single list item stays in the tail until the next item or a blank line
  PASS  ordered list markers complete prior items the same way
  PASS  task-list markers complete prior items the same way
  PASS  a list marker completes the paragraph before it without taking the new item
  PASS  a nested list marker completes the parent item and leaves the child in the tail
  PASS  a setext underline is not treated as a list marker
  PASS  emphasis without a marker space is not a list item
  PASS  list markers inside an open fence do not create commit boundaries
  PASS  a blank line after a list still commits the whole list
  PASS  the search-list source still renders as a list in the final Markdown tree
  PASS  streaming Markdown starts from the current text
  PASS  an in-progress block never schedules a parse commit
  PASS  the growing block rides the tail, not the parsed prefix
  PASS  a completed block commits up to its boundary
  PASS  tail growth alone schedules no further parse
  PASS  a rolling Markdown window drops its stale parsed prefix before paint
  PASS  short stream finalization still commits immediately
  PASS  a single tight list item stays off the parsed prefix
  PASS  a later list item commits the previous tight item into the parsed prefix
  PASS  large Markdown keeps its committed content while finalization waits for idle
  PASS  large Markdown schedules one idle finalization callback
  PASS  idle finalization commits the complete large Markdown text
  PASS  sanitizer strips event attributes from the root SVG
  PASS  sanitizer removes script nodes
  PASS  sanitizer keeps safe external links
  PASS  sanitizer removes javascript links
  PASS  sanitizer removes data xlink links
  PASS  sanitizer routes Mermaid image resources through the backend proxy
  PASS  sanitizer removes external SVG use resources
  PASS  sanitizer strips event attributes from child nodes
  PASS  https Mermaid links are safe
  PASS  mailto Mermaid links are safe
  PASS  file Mermaid links are not safe
  PASS  fragment Mermaid links are not opened externally
  PASS  Mermaid renderer shows its toolbar
  PASS  Mermaid renderer calls the render adapter once
  PASS  Mermaid renderer passes the diagram definition to Mermaid
  PASS  safe SVG link remains in the rendered DOM
  PASS  unsafe SVG link href is stripped in the rendered DOM
  PASS  rendered SVG root event handler is stripped
  PASS  rendered SVG script nodes are removed
  PASS  zoom in button calls the pan zoom instance
  PASS  zoom out button calls the pan zoom instance
  PASS  reset zoom button calls the pan zoom instance
  PASS  SVG links open through the external browser bridge
  PASS  unsafe SVG links do not open externally
  PASS  source tab shows the Mermaid definition
  PASS  fullscreen diagram portals into the chat pane
  PASS  Escape closes the Mermaid fullscreen portal
  PASS  a plain tail has no code fence split
  PASS  a closed fence leaves no open code tail
  PASS  an open fence at the tail start has no plain head
  PASS  the open fence split keeps the info-string language
  PASS  the open fence split drops the opener line from the code body
  PASS  text before the open fence stays plain

105 passed, 0 failed, 105 total

▶ src/__tests__/message-pasted-blocks.test.ts

message pasted blocks
  PASS  Simplified Chinese pasted text labels are parsed from submit text
  PASS  Traditional Chinese pasted text labels are parsed from submit text
  PASS  English pasted text labels are parsed from submit text
  PASS  unknown labels are ignored
  PASS  selection labels sanitize closing brackets in file names
  PASS  terminal selections use a Terminal label prefix
  PASS  selection cards recover duplicate snippets, bracketed file names, and terminal source from JSON context
  PASS  label-shaped authored prose is not consumed as a selection card
  PASS  unterminated label-shaped prose cannot consume the exact trailing selection labels
  PASS  selection labels no longer use pasted-text marker parsing

10 passed, 0 failed

▶ src/__tests__/message-reasoning-panel.test.tsx
thought presentation: latest/first line, duration, manual disclosure and legacy preference independence passed

▶ src/__tests__/mock-global-workspace.test.ts
mock global workspace: initial, opened and blank tabs preserve the native directory identity

▶ src/__tests__/mock-remote-catalog.test.ts
mock remote catalog: open, refresh, model, new session, selection and close agree

▶ src/__tests__/model-settings-receipt.test.ts
PASS: receipt readback, no write replay, saved application failure and unknown outcome

▶ src/__tests__/model-switcher-refresh.test.tsx
model switcher refresh: PASS

▶ src/__tests__/native-motion.test.tsx

native motion fallbacks
  PASS  tail append preserves transcript entrance reset key
  PASS  history prepend changes transcript entrance reset key
  PASS  tab switch changes transcript entrance reset key
  PASS  reveal signal changes transcript entrance reset key
  PASS  collapse passes a CSS easing to Element.animate
  PASS  collapse waits for native completion
  PASS  finish and late cancel settle collapse only once
  PASS  finished open state uses auto height
  PASS  rejected collapse animation runs its completion fallback
  PASS  rejected collapse animation exposes content
  PASS  direction reversal cancels the previous animation
  PASS  superseded open callback is suppressed
  PASS  unexpected cancellation settles the active direction
  PASS  cancelled close reaches zero height
  PASS  stable entrance reset key animates an appended row
  PASS  entrance animation uses the shared CSS easing
  PASS  finished entrance exposes the row
  PASS  changed reset key pre-seeds restored rows without animation
  PASS  append after a reset animates normally
  PASS  deferred virtual history does not animate with a new append
  PASS  only the genuinely appended virtual row animates
  PASS  a rejected entrance does not prevent later entries from attempting motion
  PASS  rejected entrance exposes the first row
  PASS  rejected entrance exposes later rows
  PASS  transition content mounts while open
  PASS  transition content remains mounted during close delay
  PASS  transition content unmounts without transitionend

27 passed, 0 failed, 27 total

▶ src/__tests__/navigation-surface-lifecycle.test.tsx
PASS navigation receipts are unique, source-bound, and consumed exactly once

▶ src/__tests__/navigation-surface-transition.test.ts

navigation surface transition
  PASS  A completion cannot release C's mask
  PASS  coalesced B completion cannot release C's mask
  PASS  the latest completion releases its own mask
  PASS  a stale request cannot replace the retained source
  PASS  the latest request mounts its target under the mask
  PASS  a stale paint terminal cannot release the latest mask
  PASS  the matching paint terminal releases the mask
  PASS  paint acknowledgement matches the complete ticket
  PASS  an old paint token cannot commit B
  PASS  A → B → A cannot revive A's old paint token
  PASS  same-tab replacement session rejects the old ticket
  PASS  one paint frame cannot expose the target
  PASS  a changed viewport geometry restarts the stability gate
  PASS  two stable geometry frames commit the target
  PASS  stalled placement receives two bounded recovery opportunities
  PASS  the second failed placement terminates without permanent loading
  PASS  the current backend navigation result is accepted
  PASS  the current backend navigation result does not reassert
  PASS  a stale backend-activating result starts visible-tab reassertion
  PASS  a stale backend-activating result is rejected after reassertion
  PASS  stale reassertion receives the mutating target identity
  PASS  navigation masking commits synchronously before the bridge await
  PASS  the last stable transcript is retained during navigation
  PASS  the visible transcript is decoupled from the hydrating target
  PASS  navigation renders a blocking transcript overlay
  PASS  the navigation overlay is opaque while target rows settle
  PASS  App removes source live output during navigation
  PASS  navigation no longer collapses the composer footprint
  PASS  masked target footer cannot paint or receive input
  PASS  target-masked paint uses the target footer geometry
  PASS  both Reveal paths guard stale backend activation results
  PASS  surface settlement is diagnosed only from target paint readiness
  PASS  source workspace data may finish after a newer navigation
  PASS  stale workspace completion cannot mutate current UI
  PASS  old workspace finally addresses only its own surface intent

35 passed, 0 failed

▶ src/__tests__/new-session-load-race.test.tsx

new session load race
  PASS  reset clears real transcript items
  PASS  reset preserves hydration placeholder separately
  PASS  empty history keeps the real transcript empty
  PASS  empty history marks transcript hydration loaded
  PASS  empty history clears hydration placeholder items
  PASS  hydrate_done clears the history-loaded marker
  PASS  pre-reset metadata exposes the current session todo
  PASS  tab-scoped NewSession is called once
  PASS  new session clears the visible transcript
  PASS  new session refresh replaces the previous session todo with an authoritative empty list
  PASS  metadata started before a session transition cannot restore the previous todo
  PASS  stale history load cannot repopulate a new blank session
  PASS  Resume releases navigation acquisition before target history settles
  PASS  Resume accepts the new-epoch ask and rejects the interleaved old-epoch ask before returning
  PASS  Resume surfaceReady resolves after authoritative history and reconciliation
  PASS  resuming a session refreshes its authoritative canonical todo state
  PASS  Resume RPC ask emitted before return is restored after reset/history hydration
  PASS  Resume completion performs a tab-scoped pending-prompt replay
  PASS  channel-open accepts the new-epoch ask and rejects the interleaved old-epoch ask before returning
  PASS  channel-open ask emitted before return is restored after reset/history hydration
  PASS  channel-open completion performs a tab-scoped pending-prompt replay
  PASS  reusing a blank tab forces a fresh history request
  PASS  fresh blank-tab hydration has no old tool card
  PASS  late old-session history cannot restore an orphaned tool card
  PASS  queued tab click becomes visible before the older blank completion
  PASS  queued tab click becomes backend-active before the older blank completion
  PASS  late blank completion cannot replace the newer visible tab
  PASS  stale blank completion does not hydrate the abandoned tab
  PASS  late blank completion reasserts the newer backend-active tab
  PASS  stale blank completion repairs backend focus exactly once
  PASS  EnsureBlankSurface is called once
  PASS  EnsureBlankSurface keeps the requested project root
  PASS  blank surface becomes active before startup sync resolves
  PASS  blank surface exposes the new project root
  PASS  guarded startup sync cannot restore an older active tab
  PASS  guarded startup sync cannot restore the old project root
  PASS  startup accepts one user after its snapshot
  PASS  startup accepts the ordered live suffix
  PASS  modern new session installs its empty cut
  PASS  new accepts one user after its snapshot
  PASS  new accepts the ordered live suffix
  PASS  modern clear installs its empty cut
  PASS  clear accepts one user after its snapshot
  PASS  clear accepts the ordered live suffix
  PASS  modern resume records snapshot installation
  PASS  modern resume receives backend load evidence
  PASS  modern resume measures snapshot time separately
  PASS  resume accepts one user after its snapshot
  PASS  resume accepts the ordered live suffix
  PASS  modern channel records snapshot installation
  PASS  channel accepts one user after its snapshot
  PASS  channel accepts the ordered live suffix
  PASS  resume and channel use adoption without a legacy history payload
  PASS  each modern entry point obtains one authoritative cut
  PASS  modern entry points never read legacy history
  PASS  pending switch does not reuse previous evidence
  PASS  stale modern adoption cannot overwrite committed diagnostics
  PASS  modern race retains authoritative snapshot evidence
  PASS  switch commits the restored transcript before ancillary work finishes
  PASS  composer stays disabled until the switched runtime is reconciled
  PASS  composer re-enables once the switched runtime is reconciled
  PASS  a switch issues exactly one resume page request
  PASS  a switch does not refetch the full history page from the frontend
  PASS  switch reports no duplicate durable load
  PASS  the switch's first screen is attributed to the resume page
  PASS  a superseded switch cannot paint over the newer transcript
  PASS  superseded response cannot overwrite current switch diagnostics
  PASS  switch initially closes admission
  PASS  old metadata must not reopen admission during navigation registration
  PASS  pending switch must not send into its source controller

70 passed, 0 failed, 70 total

▶ src/__tests__/notification-volume-slider.test.tsx

notification volume slider
  PASS  slider exposes its localized purpose
  PASS  slider exposes the full 0–100% keyboard range
  PASS  slider announces the default percentage
  PASS  visible percentage is associated with the slider
  PASS  dragging or using the keyboard emits the next percentage

5 passed, 0 failed

▶ src/__tests__/onboarding-commands.test.tsx
onboarding commands: model access, completion, dismissal and disposal passed

▶ src/__tests__/open-topic-coalescing.test.tsx

open topic coalescing
  PASS  only the running request starts while newer requests coalesce
  PASS  superseded pending requests resolve immediately
  PASS  latest pending request waits until it runs
  PASS  after the running request finishes, only the latest pending request runs
  PASS  stale running request does not update UI
  PASS  latest coalesced request updates UI
  PASS  only the latest successful request refreshes metadata
  PASS  latest pending request starts after an older failing request
  PASS  stale failure does not show a toast
  PASS  stale failure promise does not reject
  PASS  latest failure shows a toast
  PASS  latest failure promise does not reject
  PASS  latest failure refreshes metadata once
  PASS  tab switches serialize: only the running + latest run, middle coalesces
  PASS  no two tab switches run concurrently (no backend SetActiveTab race)

15 passed, 0 failed, 15 total

▶ src/__tests__/pending-plan-revision-lifecycle.test.tsx
pending plan revision lifecycle: source queues, request identity, replacement, ABA and disposal passed

▶ src/__tests__/pending-prompt-stale-status.test.tsx

pending prompt vs stale runtime snapshots
  PASS  approval event arms the prompt
  PASS  approval event records its arrival time
  PASS  idle snapshot fetched before the prompt event is ignored
  PASS  stale idle snapshot keeps the approval visible
  PASS  stale idle snapshot keeps the prompt gate
  PASS  stale idle snapshot keeps the tab blocked on the user
  PASS  snapshot tied with the prompt arrival counts as stale
  PASS  stale running snapshot cannot drop the prompt gate either
  PASS  idle snapshot fetched after the prompt event still reconciles a dead prompt
  PASS  fresh idle snapshot ends the turn
  PASS  snapshot without freshness metadata keeps the legacy clearing behavior
  PASS  stale idle snapshot keeps the ask card visible
  PASS  fresh idle snapshot still reconciles a dead ask
  PASS  same-id replay keeps the original arrival time
  PASS  same-id replay keeps the anchor id
  PASS  answering records the resolved prompt id
  PASS  a same-id replay of an answered prompt is ignored, not re-armed
  PASS  an ignored replay leaves running/turnActive exactly as the answer left them
  PASS  an ignored replay leaves the original anchor untouched
  PASS  turn_done cannot resurrect a replay that was never re-armed
  PASS  a replay landing after an already-applied idle snapshot is still ignored
  PASS  turn_done stays clear after the idle-then-replay ordering
  PASS  a replay during a genuinely busy, non-pending turn is still ignored
  PASS  answering records the resolved id before the rebuild
  PASS  a controller rebuild drops the resolved-id bookkeeping
  PASS  a controller rebuild drops the prompt arrival anchor id
  PASS  a controller rebuild drops the prompt arrival anchor time
  PASS  a genuinely new prompt reusing an old id after rebuild is armed, not swallowed
  PASS  the rebuilt controller's new prompt blocks the tab as expected
  PASS  the optimistic answer records a tombstone before the backend call resolves
  PASS  a failed submit undoes the tombstone for that id
  PASS  a replay after a failed submit can recover the still-pending prompt
  PASS  answering the second prompt records its own tombstone
  PASS  a stale failure for an older id does not clobber the current tombstone
  PASS  a drain report not covering the visible approval leaves the state untouched
  PASS  the still-pending plan approval card survives the yolo switch
  PASS  no tombstone is written for a prompt the backend still holds
  PASS  a later replay of the still-pending prompt re-arms it
  PASS  an empty drain report is a no-op
  PASS  a drained approval is dismissed
  PASS  a drained approval is tombstoned like an answered one
  PASS  a delayed re-delivery of the drained prompt stays suppressed
  PASS  a controller rebuild advances the prompt epoch
  PASS  the new controller's answer records its own tombstone
  PASS  a failure from a pre-rebuild epoch cannot erase the new controller's tombstone
  PASS  the answered prompt's delayed replay stays suppressed after the stale failure
  PASS  a same-epoch failure still undoes the tombstone
  PASS  a session reset advances the prompt epoch too
  PASS  a pre-rebuild drain result cannot dismiss the new controller's same-id approval
  PASS  a stale drain result cannot tombstone the new controller's prompt id
  PASS  a same-epoch drain still dismisses the backend-drained approval
  PASS  a same-epoch drain still tombstones the drained approval
  PASS  a new prompt id re-anchors the arrival time
  PASS  a stale snapshot predating the new prompt is still rejected
  PASS  activation drops the prompt anchor
  PASS  activation drops the prompt arrival time
  PASS  confirmed background ask survives activation start
  PASS  confirmed background ask keeps the prompt gate
  PASS  confirmed background ask keeps the turn running
  PASS  confirmed background ask keeps its freshness anchor
  PASS  a new user message drops the prompt anchor id
  PASS  a new user message drops the prompt arrival time
  PASS  explicit answer clears the prompt
  PASS  without a live prompt, even old snapshots reconcile normally
  PASS  predates: snapshot older than the prompt
  PASS  predates: snapshot newer than the prompt
  PASS  predates: unknown snapshot freshness is not stale
  PASS  predates: no live prompt means nothing to protect
  PASS  predates: missing state is not stale
  PASS  every dispatchRuntimeStatusForTab call passes its snapshot fetch time
  PASS  a Remote event is fenced while the Local epoch is still authoritative
  PASS  the projected Remote epoch admits tagged Host events
  PASS  the Remote epoch regression fixture resets cleanly
  PASS  replayed plan approval renders while a snapshot fetch is in flight
  PASS  a snapshot fetched before the prompt event cannot clear the approval
  PASS  the prompt gate survives the stale reconciliation
  PASS  the tab stays blocked on the user after the stale reconciliation
  PASS  a snapshot fetched after the prompt event still reconciles a dead prompt
  PASS  fresh idle snapshot releases the blocked state
  PASS  zombie approval is armed after the snapshot fetch started
  PASS  the stale idle snapshot is rejected, the prompt survives for now
  PASS  the scheduled fresh reconcile clears the zombie the stale rejection preserved
  PASS  the fresh reconcile unlocks the input after clearing the zombie
  PASS  a late SetModeForTab drain cannot dismiss a new same-id prompt
  PASS  a late SetToolApprovalModeForTab drain cannot dismiss a new same-id prompt
  PASS  one composer-profile sync uses one atomic backend call
  PASS  a late atomic profile drain cannot dismiss a new same-id prompt
  PASS  a rebuild notice without a new runtime identity does not replay the same profile
  PASS  same profile applies once per actual runtime generation
  PASS  concurrent identical profile replays share one backend call
  PASS  different composer profiles are serialized per tab
  PASS  latest composer profile starts after the older transaction
  PASS  failed composer profile transaction blocks the caller
  PASS  failed composer profile transaction remains retryable
  PASS  failed profile key is not cached as applied

95 passed, 0 failed, 95 total

▶ src/__tests__/performance-profiler-lifecycle.test.ts
profiler lifecycle tests passed

▶ src/__tests__/performance-report-cancellation.test.ts
performance report cancellation identity tests passed

▶ src/__tests__/performance-report-enrichment.test.ts
performance report enrichment tests passed

▶ src/__tests__/pinned-files.test.tsx
  PASS  PinnedFilesShelf renders null when empty
  PASS  PinnedFilesShelf renders container when files are present
  PASS  PinnedFilesShelf renders correct number of chips
  PASS  First chip renders filename
  PASS  Clicking unpin button calls app.UnpinFileForTab with correct path
  PASS  Clicking chip opens file via app.OpenWorkspacePathForTab
  PASS  Pinned file chip exposes the backend read error
  PASS  Pinned file chip renders a warning icon
  PASS  WorkspaceTreeMenu shows Pin to Session Context for unpinned file
  PASS  Clicking Pin calls app.PinFileForTab with target path
  PASS  Pinning error displays error toast
  PASS  Toast includes error message
  PASS  WorkspaceTreeMenu shows Unpin from Context for already pinned file

▶ src/__tests__/plugin-settings-actions.test.tsx
plugin settings actions passed

▶ src/__tests__/process-diagnostics.test.ts
process diagnostics fallback tests passed

▶ src/__tests__/project-topic-lifecycle.test.tsx
project/topic commands: stable entry, targeted rename, independent lanes, ABA, cancel and disposal passed

▶ src/__tests__/project-tree-archive-race.test.ts
project tree archive race: 9 passed

▶ src/__tests__/project-tree-catalog-completeness.test.ts

project tree catalog completeness
  PASS  an incomplete catalog page preserves complete timestamps and order while appending discoveries
  PASS  an incomplete catalog page keeps resident row identity instead of poisoning runtime metadata
  PASS  a complete catalog page can still apply a legitimate activity decrease and canonical order

3 passed, 0 failed

▶ src/__tests__/project-tree-diagnostics.test.ts
project tree diagnostics tests passed

▶ src/__tests__/project-tree-organization-races.test.tsx

project tree organization races
  PASS  StrictMode effect replay does not discard the deferred group load
  PASS  a stale initial read cannot overwrite an optimistic mutation
  PASS  CAS conflict rebases and displays the local mutation without losing the remote group
  PASS  metadata revision invalidates loaded groups after archive cleanup

project-tree-organization-races: 4 passed, 0 failed

▶ src/__tests__/project-tree-organization.test.ts
  PASS  project tree organization

▶ src/__tests__/project-tree-pinned-header.test.ts
  PASS  project tree pinned heading contract

▶ src/__tests__/project-tree-pinned-shell-runtime.test.ts

▶ src/__tests__/project-tree-recovery-privacy.test.ts
  PASS  project tree keeps physical recovery copies private

▶ src/__tests__/project-tree-rename-optimistic.test.ts

project tree optimistic rename
  PASS  a committed rename repaints the topic row label before the catalog event arrives
  PASS  an unchanged rename label leaves the tree identity stable
  PASS  a rename for a topic outside the loaded tree changes nothing
  PASS  commitRenameTopic paints the new label optimistically before the refresh round-trip
  PASS  an expanded folder with a loading first topic page renders skeleton rows
  PASS  a stale project-tree revision falls back to a full snapshot refetch instead of dropping the event

6 passed, 0 failed

▶ src/__tests__/project-tree-row-stability.test.ts
  PASS  project tree row stability contract

▶ src/__tests__/project-tree-runtime-projection.test.ts
  PASS  project tree runtime projection

▶ src/__tests__/project-tree-runtime.test.ts

project tree runtime sessions
  PASS  runtime bridge normalizes a legacy/null topic array
  PASS  archive pending state is keyed by topic
  PASS  another topic remains independently actionable
  PASS  settling one archive leaves the other pending
  PASS  same pending state preserves Set identity
  PASS  without an active tab, no folders default to expanded
  PASS  active session path expands only ancestor folders
  PASS  activeSessionAncestorKeys matches defaultExpandedProjectTreeKeys for active session
  PASS  active topic without runtime session rows expands only parent folders
  PASS  waiting confirmation key stays available for side-bar pill and badge
  PASS  runtime session row opens the concrete session path
  PASS  regular project topic still opens by topic
  PASS  topic with no turns and no timestamps renders previous-time fallback meta
  PASS  unknown legacy turn counts are never presented as zero turns
  PASS  topic with a real recent timestamp still renders just-now meta
  PASS  completed inactive topic with newer activity shows unread attention
  PASS  completed topic stops showing unread attention once opened at its latest activity
  PASS  active topic does not show unread attention
  PASS  running topic keeps runtime status instead of completed-unread attention
  PASS  unread key stays on the logical topic when the representative path changes
  PASS  marking a topic read survives a later representative-path refresh
  PASS  activity at or before the first-seen baseline is not unread
  PASS  activity newer than the first-seen baseline is unread
  PASS  logical topic stays active when the representative path is not the open file
  PASS  thinking topic blocks archive
  PASS  streaming topic blocks archive
  PASS  waiting_confirmation topic blocks archive
  PASS  background_job topic blocks archive
  PASS  paused topic remains archivable despite the legacy running flag
  PASS  error topic remains archivable despite the legacy running flag
  PASS  awaiting_delivery topic remains archivable despite the legacy running flag
  PASS  delivery-check pause uses its own sidebar label, not paused
  PASS  recovery pause keeps the paused sidebar label
  PASS  legacy running topic without a detailed status blocks archive
  PASS  idle topic remains archivable
  PASS  topic blocks archive when any runtime child has active work
  PASS  read workbench topic renders row actions
  PASS  unread workbench topic reserves the action column for unread attention
  PASS  creation topic keeps row actions disabled
  PASS  runtime session rows do not render topic actions
  PASS  second click on the same renameable topic suppresses open for inline rename
  PASS  runtime session double-click still allows the session row to open
  PASS  quickly clicking a different topic still opens the new target
  PASS  empty project folders are not exposed as expandable disclosure rows
  PASS  collapsed project folders keep disclosure semantics when children exist
  PASS  expanded project folders can show the open-folder state only when children exist

project tree sorting
  PASS  project arrange sorts topics by last activity while keeping project order
  PASS  created sort mode orders topics by creation time
  PASS  topic sorting keeps pinned topics above unpinned ones
  PASS  creation pinned section collects topics across projects by activity
  PASS  creation pinned topics appear once while pinned projects stay inline in project order
  PASS  unpinning returns a topic to its original project
  PASS  workbench pinned section still extracts pinned projects

project tree topic labels
  PASS  row title drops the exact date the meta line already ends with
  PASS  recent sessions keep the exact date next to the relative meta line
  PASS  workbench context menu keeps the pin entry
  PASS  creation context menu hides pin so the shared ordering stays untouched
  PASS  empty project shells stay expandable so their first page can load
  PASS  expanded empty project shells report the open state before their first page arrives
  PASS  project tree ignores stale snapshots and pages while accepting the current revision
  PASS  a newer revision in one project does not discard another project's slower page
  PASS  empty-tree shell snapshots apply even after a faster catalog revision event
  PASS  overlapping keyset pages replace duplicates without changing stable order
  PASS  archiving a topic removes it from loaded children before the catalog reloads
  PASS  a mutation refresh keeps sibling conversations visible until the replacement page arrives
  PASS  TrashTopic removes the archived row before the shell refresh
  PASS  archive refresh reloads only the affected topic folder after preserving the painted siblings
  PASS  pinned conversations do not repeat as runtime session rows in their source folder
  PASS  a pinned topic does not hide the same topic ID from another project
  PASS  a bounded first page keeps pinned shells that fall beyond the page limit
  PASS  a cold collapsed tree paints pinned topic shells before any folder page loads
  PASS  shell refresh removes stale pins and adds newly pinned collapsed topics
  PASS  shell refresh preserves loaded folders while reconciling pinned topic shells
  PASS  topic page requests carry the selected conversation sort mode
  PASS  changing the conversation sort mode invalidates old pages and reloads immediately
  PASS  a delayed old-sort response cannot apply after sort invalidation
  PASS  the first request for the new sort remains current
  PASS  sort invalidation clears pagination cursors before the new first page loads
  PASS  revision events refresh only affected expanded roots, with an empty roots list as broadcast
  PASS  shell signature tracks project arrivals only, so topic page loads cannot re-arm the reload effect

80 passed, 0 failed

▶ src/__tests__/project-tree-shell-race.test.ts
  PASS  project tree shell race contract

▶ src/__tests__/project-tree-sort-runtime.test.ts

▶ src/__tests__/prompt-expiry.test.ts
  PASS  stale Ask expiry removes only its matching card
  PASS  stale Ask expiry preserves a newer MCP card
prompt expiry: 2 passed, 0 failed

▶ src/__tests__/protocol-recovery-search.test.tsx
protocol recovery and search presentation passed

▶ src/__tests__/provider-access-card.test.tsx

provider access card
  PASS  mixed supported and unsupported profiles hide the grouped server web-search switch
  PASS  mixed-profile cards keep the complete model summary visible
  PASS  multi-profile cards expose one model refresh action per profile
  PASS  profile refresh targets the selected provider instead of the first profile
  PASS  grouped provider removal requires inline confirmation
  PASS  card-level removal submits every grouped provider in one action
  PASS  configured custom providers keep the removal menu available
  PASS  configured custom provider can be confirmed for deletion
  PASS  configured custom provider removal submits the selected provider
  PASS  current default custom provider keeps the removal menu available
  PASS  current default custom provider can be confirmed for deletion
  PASS  current default custom provider removal reaches the settings backend
  PASS  all supported grouped profiles expose server web search
  PASS  grouped switch is off until every profile has web search enabled
  PASS  grouped switch is on when every supported profile has web search enabled
  PASS  installed brands allow independent new connections
  PASS  new connection has its own credential field
  PASS  DeepSeek and all OpenCode products render as two brands
  PASS  OpenCode has one selectable brand entry
  PASS  protocols never appear as top-level brands
  PASS  Go and Zen remain distinct access plans within OpenCode
  PASS  selecting Zen changes the credential reference
  PASS  Zen selects its supported API format
  PASS  installed OpenCode Go routes render as one product connection
  PASS  OpenCode Go connection has a stable product-level identity
  PASS  installed OpenCode Go keeps protocol routes collapsed by default
  PASS  installed OpenCode Go exposes route controls only through an advanced disclosure
  PASS  OpenCode Go group removal submits every installed route atomically

28 passed, 0 failed, 28 total

▶ src/__tests__/provider-catalog.test.tsx
PASS provider catalog: grouping, constrained selection, exact install, refresh state, local setup

▶ src/__tests__/provider-connections.test.tsx
PASS: navigation preserves drafts, add flow preserves drafts, deletion selects remaining connection

▶ src/__tests__/provider-display-name.test.tsx
PASS: editable connection label saves independently of stable identity and drives list title

▶ src/__tests__/provider-editor-compact.test.tsx
PASS: unified add/edit, isolated cancel, duplicate validation, complete model overrides and failed/successful save

▶ src/__tests__/provider-editor-model-picker.test.tsx

provider editor model picker
  PASS  model picker can render after async model fetch returns candidates
  PASS  model picker shows fetched custom provider models
  PASS  known text-only models omit redundant capability badges
  PASS  text-only model card does not render a second image checkbox
  PASS  pinned DeepSeek vision SKU does not show the text-only image label
  PASS  pinned DeepSeek vision SKU does not render a configurable image checkbox
  PASS  model capabilities remain read-only rather than introducing image-input checkboxes
  PASS  configurable DeepSeek models do not use the read-only image-unsupported label
  PASS  DeepSeek Responses exposes server-side web search
  PASS  DeepSeek Anthropic exposes server-side web search
  PASS  DeepSeek Chat Completions exposes independent web search
  PASS  versioned official Chat Completions supports independent search
  PASS  custom Chat Completions is not assumed to support search
  PASS  DeepSeek-like subdomains do not inherit official defaults
  PASS  Responses rejects the Anthropic base path
  PASS  Anthropic requires its documented base path
  PASS  insecure DeepSeek URLs do not inherit official defaults
  PASS  backend verification can enable server-side web search for future curated endpoints
  PASS  backend capability overrides endpoint inference when explicitly unsupported
  PASS  older backend payloads retain the exact DeepSeek endpoint fallback
  PASS  older backend payloads do not infer support for arbitrary compatible endpoints
  PASS  backend vision capability overrides frontend endpoint inference
  PASS  official DeepSeek Settings uses the same image-input checkboxes as other providers
  PASS  regional DeepSeek Settings also expose per-model image-input checkboxes
  PASS  the DeepSeek apex does not inherit official vision restrictions
  PASS  lookalike domains with a DeepSeek prefix do not inherit official vision restrictions
  PASS  lookalike domains with an official-host prefix remain configurable
  PASS  provider editor can switch from built-in to custom without changing hook order
  PASS  provider editor renders the custom provider fields after the switch
  PASS  custom provider editor exposes the explicit Kimi K3 reasoning protocol
  PASS  custom provider editor exposes only one API address input
  PASS  new custom providers start with an empty exact request address
  PASS  provider URL input has a programmatic label and description
  PASS  provider URL helper explains exact request behavior
  PASS  new custom provider name stays editable
  PASS  new custom provider editor omits the rename hint
  PASS  DeepSeek Responses editor separates service capabilities from model selection
  PASS  curated DeepSeek Responses capability is enabled in the editor
  PASS  DeepSeek Responses exposes one model-selection checkbox
  PASS  DeepSeek Responses editor does not use the read-only image-unsupported label
  PASS  unverified LongCat Anthropic endpoint hides server-side web search
  PASS  unverified LongCat endpoint exposes no recommended web-search switch
  PASS  backend text-only metadata omits image badges outside the legacy endpoint heuristic
  PASS  existing custom providers no longer expose an address mode selector
  PASS  legacy base-only providers display their previously effective request URL
  PASS  existing connection display name remains editable
  PASS  stable provider identity remains separate from display name
  PASS  legacy OpenAI chat URLs display their historically normalized effective endpoint
  PASS  saving migrates the legacy effective address without rewriting its baseUrl
  PASS  saving mirrors the normalized legacy OpenAI endpoint for previous releases
  PASS  saving preserves an explicit requestUrl and independent baseUrl exactly
  PASS  saving mirrors the exact OpenAI request URL for previous releases
  PASS  protocol mismatch is a blocking editor error
  PASS  recommended action applies the catalog request URL
  PASS  recommended route clears the mismatch gate
  PASS  save errors remain visible in the provider form
  PASS  failed save retains connection and model drafts

57 passed, 0 failed, 57 total

▶ src/__tests__/provider-editor-save-races.test.tsx
PASS: controlled save success/failure, newer URL/key drafts, readback and out-of-order completion

▶ src/__tests__/provider-endpoint.test.ts

provider endpoint
  PASS  legacy OpenAI base URLs expose their effective request URL
  PASS  legacy Anthropic base URLs expose their effective request URL
  PASS  legacy Responses base URLs expose their effective request URL
  PASS  legacy OpenAI chat URLs preserve historical trailing-slash normalization
  PASS  legacy Anthropic chat URLs remain ignored
  PASS  explicit request URLs remain unchanged and take priority
  PASS  request URLs derive a query-free base URL for model discovery
  PASS  unchanged legacy providers preserve their independent base URL
  PASS  unchanged explicit request URLs preserve their independent base URL exactly
  PASS  changing the request URL derives a new base URL
  PASS  changing protocol derives a new base URL under the new protocol
  PASS  new providers derive their base URL from the exact request URL
  PASS  explicit format switch changes a standard suffix
  PASS  Anthropic v1 is preserved when switching to chat
  PASS  custom request paths and query values remain untouched
  PASS  query-bearing exact overrides are never rewritten
  PASS  official Anthropic route switches to the registered Chat route
  PASS  official Anthropic route switches to the registered Responses route
  PASS  custom gateway remains byte-for-byte unchanged
  PASS  query-bearing official host override stays untouched
  PASS  mixed DeepSeek path is blocked
  PASS  mixed DeepSeek path recommends the catalog route
  PASS  working DeepSeek root alias remains valid
  PASS  shared Chat and Responses base remains valid
  PASS  custom host is not catalog-rewritten
  PASS  unknown custom path on the official host stays user-owned

▶ src/__tests__/provider-failure-meta.test.ts

▶ src/__tests__/provider-image-input.test.tsx
PASS provider image input: draft/save/auto/cancel/disabled/hard-limit/stale discovery

▶ src/__tests__/provider-model-discovery-selection.test.tsx
PASS: discovery retains manual models and selection; new models are not auto-enabled; advanced fields start collapsed

▶ src/__tests__/provider-model-refresh.test.ts

provider model refresh
  PASS  newer grouped-provider refresh invalidates an older in-flight completion
  PASS  provider edits invalidate an in-flight model refresh before it can publish stale state
  PASS  appends discovered models without removing curated ones
  PASS  background refresh preserves manually curated model list
  PASS  background refresh does not re-add deleted models
  PASS  manual access refresh preserves selected MiMo model instead of importing provider catalog
  PASS  manual access refresh can show provider catalog as unsaved candidates
  PASS  manual access refresh filters non-chat candidates before saving
  PASS  matches backend non-chat model heuristic
  PASS  detects likely image-capable chat model IDs
  PASS  infers image-capable models without importing audio models
  PASS  background refresh can populate an empty model list
  PASS  preserves current default when it remains available
  PASS  falls back to first saved model when default is unavailable
  PASS  loads positive per-model context windows into editable drafts
  PASS  merges model context edits while preserving other overrides and dropping removed models
  PASS  drops non-finite model context values before crossing the desktop bridge
  PASS  keeps output-only model overrides while editing context windows
  PASS  warns only for positive context windows below 16384 tokens
  PASS  keeps custom provider keyless when no key env or key value is supplied
  PASS  creates a key env when saving an inline key for a new custom provider
  PASS  creates a valid key env for a digit-leading custom provider
  PASS  preserves an explicitly configured key env
  PASS  generates valid stable key envs for digit-leading and non-ASCII provider names
  PASS  preserves an explicitly configured legacy custom key env
  PASS  separates provider selectability from key presence for no-auth providers
  PASS  mock access removal hides built-ins and deletes custom providers
  PASS  mock access removal does not mutate the previous settings snapshot

28 passed, 0 failed, 28 total

▶ src/__tests__/provider-models-editor.test.tsx
PASS provider model drafts, modal validation/focus/Escape, concurrent probes, add-only discovery, stale results

▶ src/__tests__/provider-name-readonly.test.tsx

provider name readonly
  PASS  English rename hint
  PASS  Simplified Chinese rename hint
  PASS  Traditional Chinese rename hint
  PASS  disabled provider-name input is faded
  PASS  disabled provider-name input uses not-allowed cursor
  PASS  readonly hint uses the stronger secondary text color
  PASS  no global mem-input:disabled fade rule remains
  PASS  no global mem-select:disabled fade rule remains
  PASS  new custom provider name stays editable
  PASS  provider name keeps mem-input base styling
  PASS  provider name carries the scoped provider-name-input class
  PASS  new custom provider name has a stable input id
  PASS  new custom provider name has a programmatic label
  PASS  editable provider name omits the readonly description reference
  PASS  new custom provider editor omits the rename hint
  PASS  existing connection label is editable
  PASS  connection label retains base styling
  PASS  connection label has a programmatic label
  PASS  stable identity is shown separately
  PASS  obsolete rename restriction is absent

20 passed, 0 failed, 20 total

▶ src/__tests__/provider-onboarding.test.tsx
Provider onboarding: fresh setup, existing connection, ready state, ordinary settings and dismissal passed.

▶ src/__tests__/provider-protocol.test.ts
provider protocol: PASS
provider protocol choices: PASS

▶ src/__tests__/provider-vision-capability.test.ts
  PASS  model override can disable a legacy vision list entry
  PASS  adapter metadata enables native vision without VisionModels
  PASS  adapter text-only metadata stays read-only
  PASS  legacy provider-level unsupported capability remains a read-only fallback
  PASS  model override enables native vision without VisionModels
  PASS  supported model is marked read-only
  PASS  unknown model stays conservative
  PASS  mock ModelScope preserves model-level vision metadata
provider vision capability: 8 passed, 0 failed

▶ src/__tests__/query-coalesce.test.ts
ok  identical in-flight calls share one answer
ok  different arguments stay independent
ok  mutations invalidate in-flight answers
ok  a rejection is not shared onward
ok  external state boundaries invalidate settled answers
ok  settled tab lists do not cross mutations
ok  only read-only queries are coalesced

▶ src/__tests__/read-status-upsert.test.ts
read status upsert tests passed

▶ src/__tests__/ready-event-meta-sync.test.tsx

ready event meta sync
  PASS  startup begins one history hydration
  PASS  startup history remains in flight before ancillary meta
  PASS  ready event refreshes active tab metadata from ListTabs
  PASS  ready event joins the in-flight hydrate instead of reloading history
  PASS  ready event does not wait for ancillary MetaForTab before unlocking send
  PASS  history still hydrates after the ready metadata sync

6 passed, 0 failed, 6 total

▶ src/__tests__/ready-meta-reconcile.test.tsx

ready meta reconcile
  PASS  startup begins one active-tab history hydration
  PASS  startup fetches the active tab once
  PASS  active tab metadata is polled after a missed ready event
  PASS  ready polling is limited to the active tab
  PASS  ready polling does not re-list or activate tabs
  PASS  ready polling does not start another history hydration
  PASS  ready polling does not rely on approval-mode changes
  PASS  history still hydrates after ready reconciliation

8 passed, 0 failed, 8 total

▶ src/__tests__/reasoning-display-preference.test.ts

reasoning display preference
  PASS  missing preferences default to live follow
  PASS  unknown preferences use the live-follow fallback
  PASS  legacy summary-off preserves the old compatible behavior
  PASS  legacy summary-on wins over the old expand flag
  PASS  explicit new mode wins over every legacy preference
  PASS  an explicit summary selection remains persisted
  PASS  an explicit expanded selection remains persisted
  PASS  resolver applies legacy precedence without hydration
  PASS  successful selection applies the new mode
  PASS  successful selection clears the legacy key
  PASS  startup can hold reasoning until settings hydrate

11 passed, 0 failed

▶ src/__tests__/reasoning-scroll-follow.test.tsx

reasoning inner-scroll follow
  PASS  expanded reasoning uses the responsive height cap
  PASS  expanded reasoning keeps full content internally scrollable
  PASS  lazy reasoning reserves collapsed history geometry
  PASS  lazy expanded reasoning reserves bounded geometry
  PASS  new reasoning tokens follow the inner tail while armed
  PASS  reasoning pane participates in nested-scroll handoff
  PASS  manual upward reading releases automatic inner follow
  PASS  returning within eight pixels of the bottom rearms follow
  PASS  a new assistant segment starts with inner follow armed
  PASS  an active follow tolerates a reasoning body that is not mounted

10 passed, 0 failed

▶ src/__tests__/reasoning-summary.test.ts

reasoning summary
  PASS  completed reasoning summarizes to the first non-blank line
  PASS  streaming reasoning summarizes to the last non-blank line
  PASS  leading blank lines are skipped when completed
  PASS  trailing blank lines are skipped while streaming
  PASS  trailing whitespace-only lines are skipped while streaming
  PASS  handles CRLF line endings when completed
  PASS  handles CRLF line endings while streaming
  PASS  collapses intra-line whitespace
  PASS  empty reasoning yields an empty summary
  PASS  blank-only reasoning yields an empty summary
  PASS  summaries are bounded to the default character budget
  PASS  honors a custom character budget
  PASS  long streaming lines retain the newest text within the character budget
  PASS  a zero character budget yields an empty summary
  PASS  a negative character budget clamps to zero
  PASS  a one character budget contains only the truncation marker
  PASS  truncation never splits a surrogate pair
  PASS  completed summary does not split the whole input
  PASS  streaming summary does not split the whole input

19 passed, 0 failed

▶ src/__tests__/recoverable-toast-lifecycle.test.tsx
recoverable toast lifecycle: current sink, single subscription and synchronous teardown passed

▶ src/__tests__/recovery-banner-privacy.test.ts

quiet recovery prompt privacy
  PASS  App does not render a persistent recovery banner
  PASS  App does not expose recovery digest through recovery prompts
  PASS  App does not expose parent session id through recovery prompts
  PASS  App does not build a detailed recovery tooltip

4 passed, 0 failed

▶ src/__tests__/recovery-lineage-dialog-heads.test.tsx
  PASS  session version dialog lists log heads by head id

▶ src/__tests__/recovery-lineage-dialog.test.tsx
  PASS  session version dialog hides persistence details
  PASS  session version dialog contains rejected backend calls as toasts

▶ src/__tests__/recovery-quiet-notifications.test.ts

quiet recovery notifications and confirmed divergence
  PASS  App does not render a recovery banner
  PASS  App does not toast when a physical recovery copy is merely created
  PASS  App has a dedicated confirmed-divergence toast
  PASS  divergence is rechecked after catalog revisions
  PASS  recovery failures are surfaced by the recovery host
  PASS  App does not expose recovery acknowledgement controls
  PASS  App does not expose recovery compare controls
  PASS  App does not carry recovery compare failure text
  PASS  controller centralizes quiet transcript notices
  PASS  raw quiet notices are skipped before localization
  PASS  localized quiet notices are skipped before rendering
  PASS  en locale omits recovery.open
  PASS  en locale omits recovery.toast
  PASS  en locale omits recovery.failedLease
  PASS  en locale omits recovery.failedUnavailable
  PASS  en locale omits recovery.banner
  PASS  en locale omits recovery.bannerCompare
  PASS  en locale omits recovery.bannerDismiss
  PASS  en locale omits recovery.openOriginalFailed
  PASS  zh locale omits recovery.open
  PASS  zh locale omits recovery.toast
  PASS  zh locale omits recovery.failedLease
  PASS  zh locale omits recovery.failedUnavailable
  PASS  zh locale omits recovery.banner
  PASS  zh locale omits recovery.bannerCompare
  PASS  zh locale omits recovery.bannerDismiss
  PASS  zh locale omits recovery.openOriginalFailed
  PASS  zh-TW locale omits recovery.open
  PASS  zh-TW locale omits recovery.toast
  PASS  zh-TW locale omits recovery.failedLease
  PASS  zh-TW locale omits recovery.failedUnavailable
  PASS  zh-TW locale omits recovery.banner
  PASS  zh-TW locale omits recovery.bannerCompare
  PASS  zh-TW locale omits recovery.bannerDismiss
  PASS  zh-TW locale omits recovery.openOriginalFailed

35 passed, 0 failed

▶ src/__tests__/recovery-wait-banner.test.tsx

recovery wait banner
  PASS  waiting recovery renders the banner
  PASS  banner exposes the failure phase
  PASS  headers phase reads as a provider outage
  PASS  countdown derives from next_attempt_at
  PASS  waited-so-far is shown against the wait budget
  PASS  provider error code is shown
  PASS  Stop calls the cancel action
  PASS  connect phase reads as a network outage
  PASS  an older kernel without a budget shows no waited-vs-budget line
  PASS  no code chip without a provider code
  PASS  short retries render no banner
  PASS  waiting recovery renders the banner inside the composer area
  PASS  banner sits directly above the composer card
  PASS  run strip keeps the compact status line: "Waiting for provider (service unavailable); next attempt in 60s. Stop to cancel."
  PASS  banner Stop calls onCancel exactly once
  PASS  a short retry hides the banner
  PASS  short retries keep the retrying status line
  PASS  idle composer renders no banner

18 passed, 0 failed

▶ src/__tests__/ref-token.test.tsx

ref token grammar
  PASS  escapeRefPath escapes spaces
  PASS  escapeRefPath leaves space-free paths alone
  PASS  unescapeRefPath reverses escaping
  PASS  unescapeRefPath keeps Windows separators literal
  PASS  escape/unescape round-trips
  PASS  active token keeps escaped spaces
  PASS  unescaped space still ends the token

file reference menu
  PASS  token splits dir/frag with escapes intact
  PASS  frag is unescaped for entry matching
  PASS  inline pick escapes whitespace in the inserted ref
  PASS  inline pick through an escaped dir stays escaped once

composer pick
  PASS  composer inline fallback escapes whitespace
  PASS  no structured ref for a name-only entry
  PASS  structured ref keeps the real unescaped path
  PASS  structured pick removes the typed token

15 passed, 0 failed

▶ src/__tests__/remote-composer-commands.test.tsx
remote composer commands: management routing, source Goal/send, byte preservation, runtime ports and disposal passed

▶ src/__tests__/remote-composer-presentation.test.tsx
remote Composer: real file control, native drop boundary and running guidance preserve source routing

▶ src/__tests__/remote-session-cache.test.ts
  PASS  restores a current versioned snapshot
  PASS  does not persist a transient blank session with a generated path
  PASS  expires stale snapshots
  PASS  removes an expired snapshot from storage
  PASS  invalidates the legacy unversioned array schema
  PASS  removes an invalid legacy snapshot
  PASS  rejects malformed optional row fields
  PASS  removes a malformed versioned snapshot
  PASS  normalizes Go-omitted zero-value title and turns
  PASS  explicit removal clears an unpinned project cache

10 remote session cache assertions passed.

▶ src/__tests__/remote-switch-from-local.test.tsx
  PASS  switching to a remote tab keeps the remote tab active
  PASS  remote switch does not request local HistorySliceForTab
  PASS  failed local hydrate must not revert SetActiveTab back to the local tab
  PASS  SetActiveTab is called for the remote tab

4 passed, 0 failed

▶ src/__tests__/remote-tab-opened.test.tsx

Remote tab opened/updated routing
  PASS  opened events seed the new remote tab metadata
  PASS  opened notifications cannot acquire navigation ownership
  PASS  metadata updates patch the remote tab
  PASS  metadata updates never steal focus
  PASS  remote activation waits for navigation registration before backend focus
  PASS  remote activation updates the selected tab
  PASS  remote activation still binds backend focus
  PASS  remote activation bypasses local history hydration
  PASS  restored shell observes terminal state republished during activation

9 passed, 0 failed

▶ src/__tests__/remote-topic-active.test.ts
  PASS  matching remote identity is active
  PASS  the same absolute path on another host stays inactive
  PASS  remote rows never use an unqualified path-only fallback

▶ src/__tests__/render-optimization.test.ts
  PASS  shown.text stable when live.text unchanged
  PASS  shown.reasoning stable when live.reasoning unchanged
  PASS  shown.streaming stable when live unchanged
  PASS  shown.reasoningComplete stable when live unchanged
  PASS  shown.text updates when live.text changes
  PASS  shown === item when no live stream
  PASS  normalizeMath returns identical output for identical input
  PASS  normalizeMath 100 calls in 0.7ms (should be <500ms)
  PASS  highlightToHtml returns same HTML for identical code+lang
  PASS  cached call (0.00ms) not slower than first call (6.09ms)
  PASS  streaming code block highlighted in 0.43ms
  PASS  streaming-adjacent code block is cached after first highlight
  PASS  accumulated text is complete
  PASS  last render text matches final accumulation
  PASS  normalizeMath returns content for streamed text
  PASS  normalizeMath is stable for repeated calls with same text

16 passed, 0 failed, 16 total

▶ src/__tests__/resize-drag.test.ts

resizeDrag
  PASS  live resize waits for animation frame
  PASS  multiple pointer moves share one animation frame
  PASS  one frame applies one live resize
  PASS  live resize writes the configured CSS variable
  PASS  live resize applies the latest rounded pixel value
  PASS  live resize keeps separator ARIA in sync
  PASS  pending final resize waits for animation frame before flush
  PASS  flush applies the final resize before React state commits
  PASS  live resize callback waits for animation frame
  PASS  live resize callback receives the applied rounded value
  PASS  resize lifecycle ignores other pointers and delivers the active pointer
  PASS  pointer cancellation finishes the resize once
  PASS  capture loss, blur, and component cleanup cannot finish a gesture twice
  PASS  resize finish releases active pointer capture

14 passed, 0 failed, 14 total

▶ src/__tests__/rewind-fork-routing.test.ts
rewind fork routing contract passed

▶ src/__tests__/rich-link-context-menu.test.tsx

rich link context menu
  PASS  web link context menu opens on right click
  PASS  pull request menu has three items (3)
  PASS  pull request menu can open in the browser
  PASS  pull request menu can copy the link
  PASS  pull request menu can copy a reference
  PASS  menu contains a "Copy reference" item
  PASS  copy reference writes the owner/repo#number form (esengine/DeepSeek-Reasonix#6976)
  PASS  a success toast confirms the copy
  PASS  menu contains a "Copy reference" item
  PASS  commit reference writes owner/repo@shortsha (esengine/DeepSeek-Reasonix@ca03d4c)
  PASS  external menu has two items (2)
  PASS  external menu has no reference action
  PASS  menu contains a "Copy link" item
  PASS  copy link writes the original URL (https://example.com/a/very/long/documentation/path)
  PASS  menu contains a "Open in browser" item
  PASS  open in browser sends the URL to the system browser
  PASS  mailto menu offers compose email
  PASS  mailto menu offers copy address
  PASS  menu contains a "Copy email address" item
  PASS  copy email address strips the mailto: scheme (support@example.com)
  PASS  menu contains a "Compose email" item
  PASS  compose email hands the mailto URL to the system handler
  PASS  mail protocol classification is consistent
  PASS  menu contains a "Copy email address" item
  PASS  address copy for mailto:support@example.com?subject=Help&body=Hello
  PASS  mail protocol classification is consistent
  PASS  menu contains a "Copy email address" item
  PASS  address copy for MAILTO:support@example.com
  PASS  mail protocol classification is consistent
  PASS  menu contains a "Copy email address" item
  PASS  address copy for mailto:hello%2Btag@example.com
  PASS  mail protocol classification is consistent
  PASS  menu contains a "Copy email address" item
  PASS  address copy for mailto:one@example.com,two@example.com?cc=other@example.com
  PASS  mail protocol classification is consistent
  PASS  menu contains a "Copy email address" item
  PASS  address copy for mailto:bad%ZZ@example.com?subject=Help
  PASS  mail protocol classification is consistent
  PASS  menu contains a "Copy email address" item
  PASS  address copy for mailto:?subject=Help
  PASS  ContextMenu key opens the menu
  PASS  keyboard menu focuses first action
  PASS  Escape closes the menu
  PASS  Escape returns focus to link
  PASS  Shift+F10 opens the menu
  PASS  menu contains a "Copy link" item
  PASS  explicit label does not change what copy link writes
  PASS  relative link right click is not intercepted
  PASS  relative link opens no context menu
  PASS  menu contains a "Copy link" item
  PASS  a failed copy shows an error toast

51 passed, 0 failed

▶ src/__tests__/running-tab-history-hydration.test.tsx

running tab history hydration
  PASS  switching to the running session activates its tab
  PASS  the running session keeps its live status
  PASS  an uncached running session still hydrates its persisted history
  PASS  the whole history page lands, not just the newest turn
  PASS  switching to the streaming session activates its tab
  PASS  a mid-stream session still fetches and installs its history
  PASS  installing history leaves the live stream alone
  PASS  the persisted page lands in front of the streaming turn
  PASS  the streaming turn stays at the tail

9 passed, 0 failed

▶ src/__tests__/runtime-job-owner.test.ts
runtime job owner: source/UI ownership passed

▶ src/__tests__/runtime-state-store.test.ts
runtime state: immutable revisions, selectors, GET/SSE ordering, recovery, singleflight and disposal passed

▶ src/__tests__/runtime-status-freshness.test.ts
  PASS  runtime snapshots use event order and read freshness without trapping optimistic state

▶ src/__tests__/runtime-status-lifecycle.test.tsx
runtime polling: single flight, deterministic timers, terminal counts, source replacement and synchronous disposal passed

▶ src/__tests__/runtime-topic-metadata.test.ts
PASS: memory-only runtime topics preserve catalog metadata and structural sharing

▶ src/__tests__/scroll-content-observer.test.ts

scroll content observer
  PASS  observes existing transcript children
  PASS  content child resize refreshes scrollbar metrics
  PASS  observes children added after mount
  PASS  child-list changes refresh scrollbar metrics
  PASS  stops observing removed transcript children
  PASS  disconnects the resize observer on cleanup
  PASS  disconnects the mutation observer on cleanup

7 passed, 0 failed, 7 total

▶ src/__tests__/search-footnotes-render.test.tsx

search sources panel render
  PASS  answer body keeps the model text
  PASS  sources panel renders under the answer
  PASS  sources panel is collapsed by default
  PASS  collapsed panel does not expose source details
  PASS  click expands the sources panel
  PASS  expanded panel shows the result title
  PASS  source link uses the cleaned URL
  PASS  expanded panel shows the hostname and short URL
  PASS  answer markdown does not include the search title

9 passed

▶ src/__tests__/search-sources.test.ts

search footnotes
  PASS  footnotes reuse the title-and-autolink list
  PASS  unsafe URLs are dropped
  PASS  output parser keeps title-only hits
  PASS  output parser keeps the title
  PASS  output parser tolerates CRLF line endings
  PASS  independent search parses only safe structured sources
  PASS  search summary does not become a source title
  PASS  empty native results stay empty
  PASS  degraded footnote-markdown dump still resolves to one source
  PASS  degraded dump strips the bullet and bold markers from the title
  PASS  degraded dump unwraps the autolink URL
  PASS  autolink-only lines parse as URL sources
  PASS  duplicate hits collapse
  PASS  normalization keeps only valid unique HTTP(S) sources
  PASS  tracking parameters and fragments are removed
  PASS  google redirect target is unwrapped and cleaned
  PASS  source projection exposes the hostname
  PASS  source projection exposes a compact URL
  PASS  invalid, duplicate, and missing-title sources are counted as hidden
  PASS  normalization does not mutate raw search data
  PASS  answer text stays model-only
  PASS  history hydrates footnotes on the answer
  PASS  live answer stays model-only
  PASS  live tool result attaches footnotes to the answer
  PASS  sources attached to an active answer do not enter the pending buffer
  PASS  multi-round search flow keeps three assistant segments
  PASS  search sources attach to the immediately following answer
  PASS  multiple pending searches accumulate before the answer starts
  PASS  consumed search sources do not leak into later assistant segments
  PASS  allocating an answer consumes the pending search-source buffer
  PASS  history helper reads structured hits

31 passed

▶ src/__tests__/selected-text-context.test.ts

selected text context
  PASS  empty selections preserve the original submit bytes
  PASS  selection context serialization is ordered, ID-free, trimmed, and boundary-safe
  PASS  selection context parser recovers the trailing safe JSON payload
  PASS  selection context parser ignores marker-shaped content outside the final suffix
  PASS  selection context split preserves the editable submit prefix
  PASS  selection context split preserves the exact validated suffix
  PASS  malformed selection context stays local and non-fatal
  PASS  workspace, chat, and terminal selections preserve their typed origins
  PASS  terminal source round-trips through the persisted context parser
  PASS  unknown future selection sources remain readable as generic quoted text
  PASS  plan-revision rendering escalates the fence past embedded backtick runs and tags the language
  PASS  unknown extensions render an untagged fence
  PASS  newlines in file names stay escaped inside the quoted path
  PASS  quotes and backslashes cannot break the path string
  PASS  oversized selections report truncation
  PASS  oversized selections have a deterministic maximum length
  PASS  truncated selections keep a visible marker
  PASS  selection snippets collapse layout whitespace

18 passed, 0 failed, 18 total

▶ src/__tests__/send-failed.test.ts

send failure feedback
  PASS  starting runtime cannot submit
  PASS  lease-blocked runtime cannot submit
  PASS  failed runtime cannot submit
  PASS  ready runtime can submit
  PASS  submit normalization trims provider input
  PASS  handled management commands do not remain as conversation turns
  PASS  handled management commands release the composer
  PASS  visible display text cannot start an empty provider turn
  PASS  old runtime epoch is rejected
  PASS  current runtime epoch is accepted
  PASS  first runtime epoch can establish the fence
  PASS  legacy events remain compatible
  PASS  submit appends the user bubble immediately
  PASS  bubble carries the submitted text
  PASS  submit marks the turn running
  PASS  submit tracks the optimistic bubble
  PASS  optimistic user bubble preserves submit-only context
  PASS  matching TurnDone confirms without duplicating
  PASS  matching submission id clears the pending marker
  PASS  memory citations alone do not leave an empty assistant bubble
  PASS  memory citations alone stay hidden from the transcript
  PASS  memory citations preserve existing assistant text
  PASS  memory citations attach to real assistant content
  PASS  send_failed marks the bubble failed
  PASS  send_failed appends a notice
  PASS  the notice is a warning
  PASS  send_failed stops the running indicator
  PASS  send_failed clears the pending marker
  PASS  rejected admission marks the exact optimistic bubble failed
  PASS  rejected admission stays conservatively running until reconciliation
  PASS  rejected admission restores the visible Ask gate
  PASS  rejected admission preserves the pending Ask
  PASS  authoritative active snapshot restores the existing turn id
  PASS  authoritative active snapshot keeps the composer blocked
  PASS  authoritative idle snapshot releases the rejected submit gate
  PASS  authoritative idle snapshot clears a stale Ask
  PASS  successful Ask submission clears the matching prompt
  PASS  successful Ask submission tombstones the matching prompt id
  PASS  late Ask success cannot clear a newer prompt
  PASS  old prompt epoch cannot clear an id reused by a rebuilt controller
  PASS  final readiness appends a notice
  PASS  final readiness uses informational severity
  PASS  final readiness uses the delivery status treatment
  PASS  final readiness uses the explicit Delivery recovery title
  PASS  final readiness explains the explicit Delivery recovery boundary
  PASS  structured requirements produce localized detail
  PASS  final readiness offers a recovery action
  PASS  final readiness does not mark the delivered user message as failed
  PASS  an unclicked continue-check action does not keep the turn running
  PASS  an unclicked continue-check action does not create a pending prompt
  PASS  reloaded readiness metadata restores the explicit action
  PASS  reloaded readiness metadata restores structured detail
  PASS  successful explicit recovery removes the stale delivery card
  PASS  ordinary turn errors remain warnings
  PASS  ordinary turn errors keep their diagnostic text
  PASS  recovery_paused uses informational severity
  PASS  recovery_paused shows a product title
  PASS  recovery_paused uses the localized product copy
  PASS  recovery_paused does not repeat the backend English fallback as localized detail
  PASS  recovery_paused does not mark the user message as failed
  PASS  recovery_paused frees the composer
  PASS  completion_uncertain uses informational severity, not a send failure
  PASS  completion_uncertain shows a product title
  PASS  completion_uncertain uses the localized product copy
  PASS  completion_uncertain does not mark the user message as failed
  PASS  completion_uncertain frees the composer
  PASS  rejected shell command appends a visible notice
  PASS  shell rejection notice includes the backend error
  PASS  send_failed after backend confirmation is a no-op
  PASS  late send_failed leaves the confirmed transcript untouched
  PASS  mcp_surface_ready is accepted as a deliberate no-op
  PASS  mcp_surface_ready does not confirm a pending submit
  PASS  send_failed still marks a pending submit after mcp readiness
  PASS  TypeScript EventKind declares mcp_surface_ready
  PASS  reducer handles mcp_surface_ready before optimistic confirmation
  PASS  plan approval clears source plan mode before recording start execution
  PASS  exit-without-executing records the explicit source-bound plan exit last
  PASS  plan revision records only the source-bound revise decision
  PASS  plan approval must not preserve stale plan restore intent
  PASS  collaboration mode changes always reconcile the remembered plan restore intent
  PASS  execution-mode switch state is gone from the app shell
  PASS  composer submit stays behind the controller-ready gate
  PASS  SetGoalForTab activation failures propagate to callers
  PASS  ClearGoalForTab failures also propagate to callers
  PASS  unsend clears the pending marker
  PASS  unsend discards the in-flight turn
  PASS  turn_done preserves out-of-order plan approval
  PASS  preserved plan approval keeps the tab running
  PASS  preserved plan approval keeps the prompt gate active
  PASS  no active tab does not replay pending prompts
  PASS  active tab switch replays pending prompts
  PASS  replay bridge failures are swallowed by the tab-switch effect

delivery recovery continuation
  PASS  delivery recovery without a Goal skips the resume call
  PASS  delivery recovery without a Goal submits the continuation directly
  PASS  delivery recovery cannot reacquire UI ownership after A → B → A
  PASS  delivery recovery treats a blank Goal as absent
  PASS  delivery recovery with a blank Goal still submits the continuation
  PASS  delivery recovery with a Goal resumes it first
  PASS  delivery recovery submits after the Goal resumes
  PASS  an unresumable Goal is still offered the resume
  PASS  an unresumable (completed) Goal does not submit the continuation
  PASS  a tab switch during resume drops the continuation
  PASS  delivery recovery waits for controller readiness
  PASS  delivery recovery without an active tab is a no-op

104 passed, 0 failed

▶ src/__tests__/session-catalog-presentation.test.ts
session catalog presentation tests passed

▶ src/__tests__/session-catalog-status-ownership.test.ts
session catalog status ownership tests passed

▶ src/__tests__/session-clear-commands.test.tsx
session clear commands: pending lifecycle, local/remote chains, failure notices and empty-target gate passed

▶ src/__tests__/session-clear-owner.test.ts
session clear owner: source/UI ownership and local/remote paths passed

▶ src/__tests__/session-control-commands.test.ts
session control commands: canonical background target, active target, replacement, navigation and disposal passed

▶ src/__tests__/session-diagnostics.test.ts
  PASS  last activation present in snapshot
  PASS  activation carries the tab id
  PASS  ticket→starting derived
  PASS  starting→ready derived
  PASS  total covers the phases
  PASS  ready activation has no failure class
  PASS  failed outcome recorded
  PASS  timeout classified
  PASS  cancel class
  PASS  stale class
  PASS  missing class
  PASS  other class
  PASS  empty error is unknown
  PASS  first terminal phase wins
  PASS  all pages counted
  PASS  stale pages counted
  PASS  index + live-index count as hits
  PASS  scan counts as a miss
  PASS  last page stats win
  PASS  mounted row counts flow through
  PASS  markdown worker provider flows through
  PASS  cache provider flows through
  PASS  throwing provider is isolated
  PASS  activation log bounded at 128 (got 128)
  PASS  newest entries kept
  PASS  reset drops activation/history
  PASS  reset clears the log

27 passed, 0 failed

▶ src/__tests__/session-experience-settings.test.tsx
session experience controls: success, failure snapshot, busy state, legacy backend and keyboard reachability passed

▶ src/__tests__/session-experience.test.ts

session experience
  PASS  startup ignores stale localStorage before the backend snapshot
  PASS  invalid startup values normalize to standard
  PASS  standard collapses completed work
  PASS  deep shows work while running
  PASS  deep keeps completed work expanded
  PASS  apply persists deep
  PASS  canonical localStorage key stores deep
  PASS  compatibility density mirror stays standard
  PASS  deep mirrors the old expanded fold value
  PASS  authoritative hydrate wins over stale localStorage
  PASS  hydrate rewrites the canonical localStorage value
  11 checks passed

▶ src/__tests__/session-export.test.ts
session export tests passed

▶ src/__tests__/session-mcp-list-export.test.ts
▶ session export MCP list attribution
  ✔ counts shared host, disk cache, and remote tools/list sources (1.410708ms)
✔ session export MCP list attribution (1.79775ms)
ℹ tests 1
ℹ suites 1
ℹ pass 1
ℹ fail 0
ℹ cancelled 0
ℹ skipped 0
ℹ todo 0
ℹ duration_ms 5.103083

▶ src/__tests__/session-prompt-lifecycle.test.tsx
session prompts: source, prompt identity, replacement, ABA, supersession and disposal passed

▶ src/__tests__/session-recovery-runtime-failure.test.ts
  PASS  failed recovery reconciliation stays local and preserves catalog-driven classification

▶ src/__tests__/session-recovery-version-host-bridge.test.ts
  PASS  session version host bridge preserves last-click-wins across lazy mounting

▶ src/__tests__/session-recovery-version-host-lifecycle.test.tsx
  PASS  session recovery host preserves pending classification across locale changes

▶ src/__tests__/session-recovery-versions.test.ts
  PASS  session recovery divergence state machine

▶ src/__tests__/session-recovery.test.tsx
PASS session recovery: source readiness, navigation errors, visible controls, retry coalescing and stale completion isolation

▶ src/__tests__/session-submission-lifecycle.test.tsx
session submission lifecycle: source continuations, Goal atomicity/bytes, replacement, failure, read-only and disposal passed

▶ src/__tests__/session-takeover-ui.test.tsx

Session takeover UI lifecycle
  PASS  background lease conflicts do not arm the active tab
  PASS  the active lease-blocked tab exposes takeover
  PASS  switching A to B requires B's own first confirmation click
  PASS  second click reclaims only the armed tab
  PASS  any reclaim in progress disables the active reclaim button
  PASS  busy Escape is consumed without closing the takeover dialog
  PASS  action failure remains visible and restores the dialog
  PASS  Escape closes again after a failed action leaves busy state

8 passed, 0 failed

▶ src/__tests__/session-title-contract.test.ts

session title contracts
  PASS  History content search keeps physical-version notes out of the logical title
  PASS  Legacy search hits without a topic title retain the session-title fallback
  PASS  Cmd+K displays the topic title for topic-backed sessions
  PASS  Cmd+K keeps per-version notes out of the logical session search contract
  PASS  Cmd+K uses the content preview rather than a physical-version note
  PASS  History displays the logical topic title instead of a physical-version note
  PASS  Unrenamed topic-backed history sessions fall back to topic title
  PASS  Blank session titles are not added as Cmd+K keywords
  PASS  Cmd+K falls back to preview text in the hint when there is no custom session title
  PASS  Cmd+K skips duplicate title hints that repeat the visible topic title

10 passed, 0 failed

▶ src/__tests__/session-undo-lifecycle.test.tsx
An update to Probe inside a test was not wrapped in act(...).

When testing, code that causes React state updates should be wrapped into act(...):

act(() => {
  /* fire events that update state */
});
/* assert on the output */

This ensures that you're testing the behavior the user would see in the browser. Learn more at https://react.dev/link/wrap-tests-with-act
An update to Probe inside a test was not wrapped in act(...).

When testing, code that causes React state updates should be wrapped into act(...):

act(() => {
  /* fire events that update state */
});
/* assert on the output */

This ensures that you're testing the behavior the user would see in the browser. Learn more at https://react.dev/link/wrap-tests-with-act
session undo lifecycle: code transaction retention, banners, failed rewinds and edit gates passed

▶ src/__tests__/settings-navigation-contract.test.ts

settings navigation contract
  PASS  desktop settings expose only workbench and creation
  PASS  desktop settings no longer offer classic
  PASS  switching settings pages resets both content scroll axes
  PASS  the active settings page is exposed semantically
  PASS  navigation metadata appears only in search results
  PASS  model pages share one dedicated navigation group
  PASS  model page navigation retains shared editor ownership
  PASS  leaving model services hides rather than unmounts its drafts
  PASS  model page routing has one navigation owner

9 passed, 0 failed, 9 total

▶ src/__tests__/settings-options.test.tsx
SettingsOptions keyboard, disabled state, selection semantics and form behavior passed

▶ src/__tests__/settings-page-navigation.test.tsx
PASS full-page settings, navigation, explicit return, Escape and focus restoration

▶ src/__tests__/settings-provider-normalization.test.ts

settings provider normalization
  PASS  provider snapshots normalize a null name at the settings boundary
  PASS  provider snapshots normalize a null base URL at the settings boundary
  PASS  provider snapshots preserve the GLM protocol
  PASS  provider snapshots preserve server web-search capability
  PASS  older snapshots keep an absent capability distinguishable
  PASS  new custom providers keep the selected kind
  PASS  existing providers preserve their stored kind
  PASS  extra body editor formats stable JSON
  PASS  extra body editor parses an object
  PASS  extra body editor rejects non-object JSON
  PASS  extra body editor localizes syntax errors
  PASS  extra body editor retains the structured validation path

12 passed, 0 failed

▶ src/__tests__/settings-refresh-snapshot.test.tsx

settings refresh snapshot
  PASS  general settings place desktop style first
  PASS  general settings hide executor and planner step-limit controls
  PASS  session experience exposes an accessible choice group
  PASS  general settings render the canonical session experience field
  PASS  general settings do not render the retired density field
  PASS  general settings do not render the retired reasoning field
  PASS  general settings do not render the retired fold field
  PASS  general settings keep automatic progress free of step-limit copy
  PASS  general settings omit the retired automatic Plan Mode control
  PASS  general settings omit retired automatic Plan Mode copy
  PASS  session experience mutation is invoked once
  PASS  legacy display mode mutation is not invoked
  PASS  settings panel reads Settings only for initial load and post-save reload
  PASS  onChanged receives the post-save SettingsView snapshot
  PASS  failed session experience mutation is invoked once
  PASS  failed save still reloads the authoritative Settings snapshot
  PASS  failed save publishes the authoritative backend value
  PASS  failed save reconciles the segmented control from the backend snapshot
  PASS  compaction preference has no redundant advanced disclosure
  PASS  compaction preference is visible without expanding a disclosure
  PASS  compact ratio avoids a redundant token estimate under the selected row
  PASS  compact ratio explains the recommended preset consequence
  PASS  project override shows the active effective threshold
  PASS  saved compact ratio starts selected
  PASS  custom compaction is the fourth choice in the shared radio group
  PASS  custom choice does not replace the saved preset before editing
  PASS  preset selection leaves the inline custom input empty
  PASS  inline custom input carries the requested percentage prompt
  PASS  custom input stays inside the fourth choice row
  PASS  custom row has no secondary apply or cancel actions
  PASS  focusing an empty custom input preserves the saved preset
  PASS  an empty custom draft is not announced as the saved selection
  PASS  out-of-range inline compact ratio is not saved
  PASS  invalid inline value stays available for correction
  PASS  invalid inline value is exposed to assistive technology
  PASS  Enter saves the inline custom compact ratio once
  PASS  custom compact ratio converts percentage to fraction
  PASS  saved custom compact ratio stays visible in the inline input
  PASS  saved custom ratio selects the custom choice
  PASS  custom choice keeps a stable accessible label after saving
  PASS  Escape cancels a custom compact ratio without saving
  PASS  Escape restores the saved inline custom ratio
  PASS  compact ratio preset adds one mutation
  PASS  compact ratio preset sends the expected fraction
  PASS  saved compact ratio is selected after Settings reload
  PASS  draft editing does not disable the preset before its click
  PASS  preset click sends only one mutation while bridge is pending
  PASS  explicit preset wins over an unsaved custom draft
  PASS  clicked preset remains selected after the slow save
  PASS  preset click clears the replaced custom draft
  PASS  clicking the current preset cancels editing without saving the draft
  PASS  current preset click clears the draft
  PASS  ordinary blur still saves once
  PASS  ordinary blur persists the draft
  PASS  ordinary blur selects the saved custom threshold
  PASS  failed save retains the custom draft
  PASS  failed save preserves the persisted threshold
  PASS  failed save displays its error
  PASS  Enter retries the retained draft successfully
  PASS  successful retry keeps the saved custom value visible
  PASS  successful retry clears the error
  PASS  subsequent rejection also retains the draft
  PASS  Escape after failure restores the persisted value
  PASS  Escape after failure does not write
  PASS  failed initial settings load shows a visible error
  PASS  failed initial settings load stops showing the loading state
  PASS  settings retry calls Settings again
  PASS  settings retry clears the load error
  PASS  Windows Bash sandbox selector is disabled
  PASS  Windows Bash sandbox selector is fixed to off
  PASS  Windows Bash sandbox selector cannot open
  PASS  Windows immutable Bash sandbox state does not save enforce
  PASS  global monospace changes preserve an explicit code-region override
  PASS  global monospace changes preserve the regional code font choice
  PASS  global monospace changes keep the regional code font CSS variable
  PASS  display zoom reset writes the default zoom factor
  PASS  display zoom reset updates the local restart zoom cache
  PASS  bots tab does not render the removed entry overview
  PASS  bots tab no longer renders the mobile remote entry card
  PASS  bots tab no longer renders the Bot Channel entry panel
  PASS  bots tab omits the old global access step card
  PASS  bots tab omits global default behavior card
  PASS  hero no longer shows the old two-step chips
  PASS  bot manager uses five fixed channel tabs on the left
  PASS  unconfigured QQ tab shows key setup on the right
  PASS  bot manager does not show a return-to-entry action
  PASS  configured channel renders selected bot detail on the right
  PASS  selected bot detail owns its access control
  PASS  selected bot detail labels per-bot access control
  PASS  selected bot detail places enable, approval, and model controls between summary and access control
  PASS  selected bot detail shows its trusted user
  PASS  advanced area keeps the legacy global allowlist
  PASS  advanced area no longer owns mobile/control API setup
  PASS  persisted ClientID is visible in the DingTalk detail card
  PASS  DingTalk detail card exposes a test-send button
  PASS  test-send button invokes TestDingtalkBot
  PASS  provider auto-refresh cooldown uses the opaque catalog fingerprint
  PASS  provider auto-refresh cooldown does not persist header secrets
  PASS  leaving the models usage tab suppresses the stale background catalog write
  PASS  cancelling discovery discards fetched candidates
  PASS  cancelling discovery preserves configured models
  PASS  protocol upgrade uses the structured settings service
  PASS  DeepSeek protocol upgrade mutation is invoked once
  PASS  persisted DeepSeek protocol upgrade disappears after a runtime refresh error
  PASS  post-mutation reload preserves the original runtime error
  PASS  onChanged receives the authoritative persisted protocol after a runtime error

106 passed, 0 failed, 106 total

▶ src/__tests__/settings-select.test.tsx
PASS shared settings select: keyboard, disabled, search, connection identity, dismiss and focus

▶ src/__tests__/settings-storage-page.test.ts

settings storage page contract
  PASS  Storage is immediately before Updates in the settings navigation
  PASS  SettingsTab exposes the storage route before updates
  PASS  Storage renders the same page on every platform
  PASS  Storage data and UI are loaded only when its page bundle renders
  PASS  General no longer embeds storage settings
  PASS  Storage paths reuse the shared settings input recipe
  PASS  Every storage path input is explicitly read-only
  PASS  Storage mutation methods are absent from UI and desktop bridge surfaces
  PASS  Storage page contains no migration-only styling
  PASS  Storage page omits the redundant read-only notice
  PASS  Storage page descriptions do not advertise Windows migration
  PASS  Storage query performs no recursive size scan and exposes no synthetic models path
  PASS  General SettingsView no longer owns storage data
  PASS  Storage remains available when the general settings request fails

14 passed, 0 failed, 14 total

▶ src/__tests__/shell-support-install.test.tsx

shell support guidance
  PASS  accepts the exact official Git for Windows download URL
  PASS  rejects an official-looking URL embedded in an attacker-controlled query
  PASS  rejects an attacker-controlled hostname with the official hostname as a prefix
  PASS  rejects a non-HTTPS download URL
  PASS  Windows renders no automatic install button
  PASS  Windows offers the official Git for Windows download link
  PASS  Windows manual repair opens only the allowlisted official download URL
  PASS  rendering Windows repair never calls InstallShellSupport
  PASS  manual-only Windows repair never calls CancelShellInstall
  PASS  Windows manual repair offers explicit re-detection
  PASS  Windows re-detection reloads only after the user requests it
  PASS  Windows re-detection refreshes the Settings snapshot once
  PASS  re-detection still never calls the install binding
  PASS  Linux never renders a Windows install entry
  PASS  Linux detection reports zsh and POSIX sh alongside Bash
  PASS  Linux missing Bash shows the distro repair command
  PASS  Linux repair guidance never prescribes sudo
  PASS  Linux repair command is copyable
  PASS  copy action writes the exact allowlisted command
  PASS  Linux manual repair offers explicit re-detection
  PASS  Linux repair reload remains an explicit user action
  PASS  macOS detection reports Bash and zsh
  PASS  macOS native zsh fallback does not request a Bash install
  PASS  macOS missing Git shows an independent Homebrew Git repair command
  PASS  macOS Git repair copies brew install git only
  PASS  macOS never renders the Windows install entry

26 passed, 0 failed

▶ src/__tests__/shortcuts-recorder-focus.test.tsx
  PASS  recorder button renders
  PASS  composer undo appears in shortcut settings
  PASS  composer redo appears in shortcut settings
  PASS  composer undo stays locked to the native editing chord
  PASS  composer redo stays locked to the native editing chord
  PASS  composer undo shows Ctrl+Z on non-mac platforms
  PASS  composer redo shows Ctrl+Shift+Z on non-mac platforms
  PASS  clicking enters recording state
  PASS  recorder button is focused after click (WebKit needs explicit focus)
  PASS  combo press leaves recording state
  PASS  Ctrl+Enter is saved as the custom combo
  PASS  second click re-enters recording state
  PASS  blur cancels the recording state
  PASS  composer send recorder renders
  PASS  non-Enter key keeps the composer recorder active
  PASS  non-Enter key is not saved for composer send
  PASS  non-Enter key shows an Enter-only validation message
  PASS  Ctrl+Enter completes composer shortcut recording
  PASS  Ctrl+Enter is saved for composer send
  PASS  Escape cancels composer shortcut recording
  PASS  Escape preserves the saved composer shortcut
  PASS  Tab remains available for keyboard focus navigation
  PASS  Tab releases focus when native traversal is unavailable
  PASS  Tab exits composer shortcut recording
  PASS  Tab preserves the saved composer shortcut

25 passed, 0 failed, 25 total

▶ src/__tests__/skills-settings-refresh-race.test.tsx
skills settings refresh race: passed

▶ src/__tests__/sound.test.ts

sound notifications
  PASS  legacy installs without a saved volume upgrade to the 70% default
  PASS  notification volume saves a user-selected percentage
  PASS  notification volume persists in its dedicated storage key
  PASS  saved notification volume round-trips
  PASS  notification volume clamps values above 100%
  PASS  notification volume clamps values below 0%
  PASS  invalid persisted volume recovers to the default
  PASS  notification volume normalizes fractional values to an integer percentage
  PASS  notification volume converts percentages to Web Audio gain
  PASS  bundled WAVs use their measured loudness-normalization trims
  PASS  WAV normalization never boosts a source above its recorded peak
  PASS  the master volume scales a normalized WAV after its source trim
  PASS  the 70% upgrade default raises the synthesized success peak above the legacy level
  PASS  the 70% upgrade default keeps attention at least as audible as success
  PASS  0% prevents synthesized notifications from creating audio nodes
  PASS  approval request builds a tab-scoped chime key
  PASS  ask request builds a tab-scoped chime key
  PASS  legacy approval events without a tab still build a stable key
  PASS  non-attention events do not build chime keys
  PASS  first approval event plays
  PASS  replayed approval event for the same tab is deduped
  PASS  same approval id from another tab still plays
  PASS  ask id sharing an approval id still plays
  PASS  malformed approval event does not play
  PASS  dedupe set stays bounded after 2000 unique prompts
  PASS  most recent prompt id is still deduped after pruning
  PASS  rebuilt tab's reissued approval id chimes again
  PASS  other tab's keys survive a scoped clear
  PASS  tab-less ready clears every key
sound notifications: 29 passed

▶ src/__tests__/startup-gate-lifecycle.test.tsx
startup gate: direct setup, StrictMode retirement, navigation generation and unmount passed

▶ src/__tests__/startup-settings-contract.test.ts

startup settings contract
  PASS  bridge exposes a lightweight desktop startup settings call
  PASS  startup and reload barriers reject stale events while repeated session builds stay deduplicated
  PASS  browser startup defaults include the canonical standard session experience
  PASS  model settings honor access and statistics focus targets while preserving usage as the default
  PASS  each fresh model focus object can re-target the same subtab again
  PASS  usage statistics commands derive a monotonic request id from the shared focus state
  PASS  provider setup uses the brand catalog instead of the former flat preset cards
  PASS  account platform, plan and API format labels exist in every locale
  PASS  GLM reasoning protocol is localized in every supported locale
  PASS  session experience labels are localized in every supported locale
  PASS  General controls use the selected flat responsive section layout
  PASS  settings navigation provides searchable localized groups and visible category icons
  PASS  Agent Skills navigation uses the dedicated reusable-workflow description in every supported locale
  PASS  the superseded work-process-only visual group does not return
  PASS  the retired standalone reasoning-summary setting does not return
  PASS  sound settings expose the persisted notification volume control in every locale
  PASS  browser mock hides the redundant DeepSeek Anthropic preset
  PASS  browser mock preserves custom DeepSeek headers without proposing the retired protocol upgrade
  PASS  browser onboarding installs the same current DeepSeek official template as production
  PASS  official templates allow separate connections while preserving credential status
  PASS  legacy official DeepSeek cards expose an explicit recommended-protocol action
  PASS  grouped DeepSeek profiles update server-side web search through one atomic backend call
  PASS  provider protocol migration stays in a stable row and removal lives in the overflow menu
  PASS  provider cards keep descriptions out of the action row and collapse repeated diagnostics into compact details
  PASS  all provider cards keep endpoint details collapsed and use backend web-search capability authority
  PASS  legacy DeepSeek aliases remain grouped into one official provider card
  PASS  multi-profile provider actions move into stable narrow-screen grid areas
  PASS  narrow settings section headings stretch so descriptions wrap inside the viewport
  PASS  the compact DeepSeek access and upgrade flows are localized in every supported locale
  PASS  server web-search disclosure stays provider-neutral for compatible services
  PASS  browser mock exposes the Token Rhythm preset
  PASS  browser mock keeps OpenCode Go recommended first and DeepSeek Responses next
  PASS  fresh installs have no onboarding dismissal marker
  PASS  missing providers open the guide before dismissal
  PASS  configured providers never open the guide
  PASS  skip persists a versioned dismissal marker
  PASS  persisted skip prevents repeated full-screen interruption

37 passed, 0 failed

▶ src/__tests__/status-bar-items-editor.test.tsx

status bar items editor
  PASS  collapsed editor exposes an accessible expand control
  PASS  expanded editor labels the visible zone with its count
  PASS  expanded editor labels the hidden zone with its count
  PASS  hidden zone is an explicit drag target
  PASS  clearing a visible item removes it from the persisted order
  PASS  visible count updates after hiding an item
  PASS  hidden count updates after hiding an item
  PASS  hidden item moves into the hidden zone
  PASS  show all restores hidden items without discarding the current visible order
  PASS  keyboard order controls update the visible order
  PASS  restore default returns all items to canonical order

11 passed, 0 failed, 11 total

▶ src/__tests__/stream-interrupt-reason.test.ts

interrupted turn surfaces the last stream failure reason (#9560)
  PASS  generic interrupted notice stays
  PASS  warn notice explains the idle timeout
  PASS  exactly one reason notice
  PASS  connection_reset maps to a readable reason
  PASS  a stop with no recorded failure adds no reason notice
  PASS  stale reason from a previous turn is cleared on turn_started
  PASS  terminal stream failure renders one warning
  PASS  duplicate raw turn error is suppressed
  PASS  recovery-required is terminal and frees the composer
  PASS  recovery-required keeps the interrupted display notice

10 passed, 0 failed

▶ src/__tests__/subagent-progress-card.test.tsx

subagent progress card
  PASS  standard mode expands reasoning when the card mounts mid-stream
  PASS  standard mode keeps the subagent card open after reasoning starts responding
  PASS  standard mode keeps completed subagent reasoning expanded while the task runs
  PASS  standard mode collapses the untouched subagent card after the task settles
  PASS  deep mode opens live sub-agent reasoning
  PASS  deep mode keeps completed sub-agent reasoning visible
  PASS  manual card collapse still wins in deep mode
  PASS  deep mode opens completed sub-agent reasoning restored from history
  PASS  running card renders the progress chip
  PASS  chip shows the phase label
  PASS  chip shows the running elapsed
  PASS  chip shows recent activity
  PASS  chip carries the phase attribute
  PASS  card head renders
  PASS  active standard card renders the preview block
  PASS  reasoning section label
  PASS  active standard reasoning is not replaced by a summary
  PASS  active standard reasoning renders full Markdown
  PASS  response preview text visible
  PASS  notice preview text visible
  PASS  reasoning preview text visible after expanding
  PASS  reasoning preview renders Markdown emphasis
  PASS  reasoning preview renders Markdown lists
  PASS  clicking the reasoning label collapses back to the summary
  PASS  collapsed reasoning section shows the summary again
  PASS  clicking the reasoning label expands the full Markdown
  PASS  legacy summary-off cannot collapse active Standard reasoning
  PASS  legacy summary-off keeps active process Markdown reachable
  PASS  legacy summary-on leaves the canonical active preview intact
  PASS  completed chip label
  PASS  completed chip shows the terminal duration
  PASS  terminal chip drops the recent-activity suffix
  PASS  completed card shows the done icon
  PASS  cancelled chip label
  PASS  cancelled card shows the stopped icon
  PASS  chip carries the cancelled modifier class
  PASS  live outcome tuple renders through the lazy card boundary
  PASS  live outcome keeps the stable subagent reference
  PASS  live outcome exposes the bounded error code
  PASS  history outcome is parsed only when the card is opened
  PASS  history outcome uses the same localized status projection

subagent progress card: 41 passed, 0 failed

▶ src/__tests__/subagent-progress.test.ts

subagent progress reducer
  PASS  terminal status phase applied
  PASS  reasoning preview routed to subagentProgress
  PASS  text preview routed to subagentProgress
  PASS  notice preview routed to subagentProgress
  PASS  terminal duration captured
  PASS  completed terminal maps to done status
  PASS  preview never writes tool.output
  PASS  settled parent assistant bytes unchanged by child previews
  PASS  parent text unchanged by child previews
  PASS  parent reasoning unchanged by child previews
  PASS  unknown phase and unknown channel ignored
  PASS  child 1 reasoning isolated
  PASS  child 1 text isolated
  PASS  child 2 reasoning isolated
  PASS  child 2 text isolated
  PASS  no child preview leaks into outputs
  PASS  job id result keeps the card running
  PASS  terminal progress settles the background card
  PASS  background card phase completed
  PASS  job id output retained
  PASS  cancelled terminal wins over an error result
  PASS  failed terminal maps to error status
  PASS  fleet card stays running after the job-id result
  PASS  all children terminal alone must not settle the fleet
  PASS  group completed terminal settles the fleet
  PASS  settled fleet phase completed
  PASS  fleet stays running after the job-id result
  PASS  a fast first child must not settle the fleet
  PASS  fleet keeps running while a later child works
  PASS  group terminal settles the fleet after all children
  PASS  zero-child cancelled fleet shows stopped
  PASS  group failed terminal maps to error
  PASS  reasoning preview capped at 8 KiB
  PASS  reasoning keeps the recent tail
  PASS  text preview capped at 8 KiB
  PASS  notice preview capped at 2 KiB
  PASS  frontend cap alone does not mark truncated (backend sends the flag)
  PASS  backend truncated flag honored
  PASS  preview retained after terminal
  PASS  history hydration never restores transient progress
  PASS  nested dispatch flips parent phase to tool
  PASS  nested dispatch refreshes parent recent activity
  PASS  ordinary progress still appends to tool.output
  PASS  ordinary tools never gain a progress preview
  PASS  archived sub-agent card settles
  PASS  subagentProgress survives result archiving
  PASS  terminal outcome is normalized once at the result boundary
  PASS  outcome metadata survives without retaining archived tool output

subagent progress: 48 passed, 0 failed

▶ src/__tests__/submission-id-bridge-mock.test.ts

submission id browser mock contract
  PASS  mock TurnStarted keeps the submitted tab scope
  PASS  mock TurnStarted carries the local submission correlation

2 passed, 0 failed, 2 total

▶ src/__tests__/subscription-scope.test.ts
PASS subscription scopes fence queued notifications and release all resources

▶ src/__tests__/tab-switch-hydration.test.tsx

tab switch hydration
  PASS  SetActiveTab is called for the selected tab
  PASS  switchTab updates the active tab before backend activation resolves
  PASS  switchTab applies optimistic tab metadata immediately
  PASS  uncached target tab does not keep the previous transcript visible
  PASS  target tab shows lightweight hydration state while backend activation is pending
  PASS  target tab gates unscoped actions while backend activation is pending
  PASS  HistoryForTab is not requested before SetActiveTab completes
  PASS  tab activation clears a stale approval already stored on the target tab
  PASS  tab activation clears the stale prompt lifecycle before backend status arrives
  PASS  tab-less events stay with the confirmed backend tab during optimistic activation
  PASS  tab-less old-backend prompts cannot lock the optimistic target tab
  PASS  newSession can target the selected tab before backend focus activation settles
  PASS  newSession keeps the selected tab as its explicit target
  PASS  backend focus completion does not duplicate the scoped new-session action
  PASS  cached idle tab skips history hydration when reselected
  PASS  late history for another tab does not change the active tab
  PASS  late history for another tab does not overwrite the active transcript
  PASS  late history stays scoped to its tab state
  PASS  backend fallback sync activates the backend-selected cached tab
  PASS  backend fallback sync keeps the cached transcript
  PASS  backend fallback sync preserves cached history instead of reloading it
  PASS  backend fallback sync reconciles stale approval state
  PASS  backend fallback sync reconciles stale running state
  PASS  switching to a backend-running tab updates the active tab immediately
  PASS  backend-running tab restores the stop state before backend activation settles
  PASS  backend-running tab restores the original turn timer before activation settles
  PASS  backend-running tab remains cancellable before backend activation settles
  PASS  cancel targets the backend-running tab while activation is pending
  PASS  cancelled backend-running tab reconciles to idle after activation
  PASS  switching to a prompt-blocked tab activates the requested tab
  PASS  pending backend prompts are replayed after tab activation
  PASS  a genuine pending approval survives the later hydration start
  PASS  a genuine pending approval keeps the target tab running
  PASS  first rapid switch activates the slow target optimistically
  PASS  second rapid switch wins immediately
  PASS  second rapid switch activates the backend
  PASS  late completion from the first rapid switch does not replace the visible tab
  PASS  late completion from the first rapid switch reasserts the last-clicked backend tab
  PASS  late completion from the first rapid switch does not hydrate the stale target
  PASS  failed backend tab switch reverts to the previous active tab
  PASS  failed backend tab switch keeps the previous transcript visible
  PASS  failed backend tab switch does not hydrate the rejected target
  PASS  failed source rebind does not falsely restore the frontend source
  PASS  failed source rebind keeps frontend and backend on the same target
  PASS  agent ready with cached transcript skips executor-only history hydration
  PASS  agent ready keeps cached planner phase
  PASS  agent ready keeps cached planner answer
  PASS  sendToTab resolves after optimistic dispatch before backend submit completes
  PASS  switching to a cached running tab still updates the active tab
  PASS  cached running tab keeps its optimistic transcript
  PASS  the backend receives the same opaque correlation stored on the optimistic user
  PASS  opaque submission correlation is distinct from the render item id
  PASS  a running tab with no history page of its own still hydrates one
  PASS  openProjectTab activates the opened tab
  PASS  open topic keeps the new tab transcript empty while hydrating
  PASS  cross-session open never reuses the source transcript as a placeholder
  PASS  topic history clears visible hydration before ancillary phase 2 settles
  PASS  agent ready reuses in-flight open-topic hydration for the active tab
  PASS  background ready events do not hydrate the active tab
  PASS  open topic hydration issues one context request
  PASS  topic history replaces the hydration placeholder
  PASS  topic history clears the hydration placeholder
  PASS  reopening an already hydrated topic keeps it active
  PASS  reopened cached topic keeps its transcript
  PASS  reopening an already hydrated topic skips history hydration
  PASS  reopening a topic reconciles stale approval state
  PASS  reopening a topic reconciles stale running state
  PASS  fork activates the forked tab
  PASS  fork loads the forked transcript
  PASS  fork reconciles backend running state after reset hydration
  PASS  inactive topic skips ancillary hydration after quick tab switch
  PASS  later A→D→A navigation returns to the source tab before fork completion
  PASS  later A→D→A navigation owns backend focus before fork completion
  PASS  late fork completion does not override newer ABA navigation
  PASS  late fork completion reasserts the latest backend tab
  PASS  stale fork result is not hydrated as the visible tab
  PASS  rebound topic reloads history when session path changes
  PASS  slow MetaForTab does not delay the history request
  PASS  slow MetaForTab leaves optimistic metadata visible while history hydrates
  PASS  late meta from a replaced tab does not switch the visible tab
  PASS  late meta from a replaced tab does not overwrite visible metadata
  PASS  third navigation remains visible after stale switch repair
  PASS  third navigation remains backend-active after stale switch repair
  PASS  third navigation remains visible after stale fork repair
  PASS  third navigation remains backend-active after stale fork repair
  PASS  changed session fingerprint reloads history instead of reusing same-path cache
  PASS  matching fingerprint reuses the hydrated transcript after navigation
  PASS  stale older page is discarded after session fingerprint changes
  PASS  stale older page releases its loading state
  PASS  stale older page enters the explicit retry state instead of silently auto-retrying
  PASS  tab-l closes while its older page is deferred
  PASS  late older-page completion cannot recreate the released tab state
  PASS  late older-page completion cannot restore the evicted transcript
  PASS  mismatched page and metadata trigger one bounded history reload
  PASS  reconciled hydration does not retain the stale page
  PASS  a foreground turn prevents mismatched durable history from being reloaded
  PASS  durable reconciliation does not replace a live transcript

97 passed, 0 failed, 97 total

▶ src/__tests__/tab-switch-session-rebind.test.tsx

tab switch session rebind
  PASS  generation-rebound tab becomes the selected target
  PASS  generation-rebound tab clears its prior session before history settles
  PASS  generation-rebound tab never exposes prior-session placeholders
  PASS  generation-rebound tab remains in target hydration after the App mask hands off
  PASS  target history failure rebinds backend focus to the retained source session
  PASS  target history failure restores the retained source transcript
  PASS  target history failure never restores the prior target generation
  PASS  backend sync is held before the newer same-tab navigation
  PASS  newer same-tab navigation installs generation three identity
  PASS  generation three history remains pending
  PASS  stale same-tab sync cannot restore generation two metadata
  PASS  stale same-tab sync cannot cancel generation three hydration
  PASS  generation three remains the settled session identity

13 passed, 0 failed

▶ src/__tests__/terminal-output-owner.test.ts
terminal output owner: source/UI ownership passed

▶ src/__tests__/terminal-panel-commands.test.tsx
terminal commands: remote capability, warm mount exclusion, native key routing and disposal passed

▶ src/__tests__/terminal-selection.test.ts
terminal-selection: ok

▶ src/__tests__/text-size.test.ts

text size shortcuts
  PASS  increase from small
  PASS  increase from default
  PASS  increase from large
  PASS  increase from xlarge
  PASS  increase clamps at largest
  PASS  decrease from xxlarge
  PASS  decrease from xlarge
  PASS  decrease from large
  PASS  decrease from default
  PASS  decrease clamps at smallest

10 passed, 0 failed, 10 total

▶ src/__tests__/theme-auto-background.test.ts

theme auto native background contract
  PASS  auto theme uses one shared light color-scheme media query
  PASS  resolved auto theme reads the shared color-scheme query
  PASS  applyTheme updates the native auto-theme listener
  PASS  auto mode listens for color-scheme changes
  PASS  explicit modes remove the color-scheme listener
  PASS  non-auto themes clear the auto listener
  PASS  color-scheme changes only sync native background while auto is active
  PASS  reapplying auto does not register duplicate listeners
  PASS  styles include the native workbench theme refresh section
  PASS  workbench refresh has an auto-mode light media override
  PASS  auto light mode keeps the workbench light background after late root overrides
  PASS  auto light mode keeps the workbench light foreground after late root overrides
  PASS  auto light mode keeps workbench panel surfaces aligned with forced light mode
  PASS  creation assistant text has an explicit light-mode color adjustment
  PASS  creation assistant text mirrors the light-mode color adjustment for auto light mode
  PASS  creation assistant auto light text color matches forced light mode

16 passed, 0 failed, 16 total

▶ src/__tests__/theme-editor-keyboard.test.tsx

theme editor keyboard ownership
  PASS  normal Escape is consumed by the nested editor
  PASS  normal Escape does not reach the outer Settings handler
  PASS  normal Escape closes only the theme editor
  PASS  normal Escape restores focus to the opener
  PASS  save puts the editor into its busy state
  PASS  busy Escape is still consumed by the nested editor
  PASS  busy Escape does not close the outer Settings panel
  PASS  busy Escape keeps the editor mounted until save completes

8 passed, 0 failed

▶ src/__tests__/theme-pack.test.ts

theme pack contract
  PASS  accepts #RRGGBB
  PASS  accepts #RRGGBBAA
  PASS  rejects url()
  PASS  rejects gradient
  PASS  token whitelist
  PASS  code background is flattened to an opaque color
  PASS  transparent bgSoft is composited over the theme background
  PASS  every code and diff text role reaches WCAG AA on its rendered background
  PASS  diff row backgrounds are pre-composited opaque colors
  PASS  diff semantic text reaches WCAG AA on the final tinted row
  PASS  midtone custom themes keep every syntax role readable on plain and tinted diff rows
  PASS  generated custom palettes preserve WCAG AA across every rendered code surface
  PASS  syntax direction follows final code luminance instead of global dark mode
  PASS  graphite dark base code palette reaches WCAG AA
  PASS  graphite dark preview uses the live code palette
  PASS  graphite light base code palette reaches WCAG AA
  PASS  graphite light preview uses the live code palette
  PASS  aurora dark base code palette reaches WCAG AA
  PASS  aurora dark preview uses the live code palette
  PASS  aurora light base code palette reaches WCAG AA
  PASS  aurora light preview uses the live code palette
  PASS  slate dark base code palette reaches WCAG AA
  PASS  slate dark preview uses the live code palette
  PASS  slate light base code palette reaches WCAG AA
  PASS  slate light preview uses the live code palette
  PASS  carbon dark base code palette reaches WCAG AA
  PASS  carbon dark preview uses the live code palette
  PASS  carbon light base code palette reaches WCAG AA
  PASS  carbon light preview uses the live code palette
  PASS  nocturne dark base code palette reaches WCAG AA
  PASS  nocturne dark preview uses the live code palette
  PASS  nocturne light base code palette reaches WCAG AA
  PASS  nocturne light preview uses the live code palette
  PASS  amber dark base code palette reaches WCAG AA
  PASS  amber dark preview uses the live code palette
  PASS  amber light base code palette reaches WCAG AA
  PASS  amber light preview uses the live code palette
  PASS  Creation dark code palette reaches WCAG AA
  PASS  Creation light code palette reaches WCAG AA
  PASS  base stylesheet installs complete root and Creation code palettes
  PASS  asset URL allowed
  PASS  data URL allowed
  PASS  remote URL rejected
  PASS  registered same-origin official dev background allowed
  PASS  cross-origin bundled background rejected
  PASS  token-only preview keeps opaque panes
  PASS  background preview applies configured pane opacity
  PASS  sets data-theme-pack
  PASS  marks background present
  PASS  sets background image var
  PASS  injects dark accent override
  PASS  injects an opaque code readability island
  PASS  injects contrast-checked syntax roles
  PASS  applies round corners recipe
  PASS  sets independent task image var
  PASS  sets independent task opacity
  PASS  computes home card pane opacity
  PASS  computes task card pane opacity
  PASS  computes home session-hover opacity tier
  PASS  computes home child opacity tier
  PASS  computes home interaction opacity tier
  PASS  computes home operational overlay opacity tier
  PASS  computes task session-hover opacity tier
  PASS  computes task child opacity tier
  PASS  caps task interaction opacity tier
  PASS  caps task operational overlay opacity tier
  PASS  task background controls safe area
  PASS  home overlay follows pane opacity 0
  PASS  task overlay follows pane opacity 0
  PASS  home overlay follows pane opacity 0.5
  PASS  task overlay follows pane opacity 0.5
  PASS  home overlay follows pane opacity 1
  PASS  task overlay follows pane opacity 1
  PASS  legacy task scene inherits home pane opacity
  PASS  scene task on root
  PASS  scene home on root
  PASS  clearing a pack removes every extended pane opacity tier
  PASS  token-only themes keep operational overlays on the opaque base surface
  PASS  token-only themes do not inject home overlay transparency
  PASS  token-only themes do not inject task overlay transparency
  PASS  applyTheme installs the base code readability stylesheet
  PASS  preview applies pack
  PASS  cancel restores cleared pack
  PASS  activation failure surfaces to caller
  PASS  activation failure keeps preview reversible
  PASS  cancel restores appearance after activation failure
  PASS  save-and-apply defers persistent activation to the experience controller
  PASS  save-and-apply persists activation exactly once
  PASS  save-and-apply activates before editor unmount
  PASS  aurora pack active
  PASS  pack switches live style to aurora
  PASS  clear removes data-theme-pack
  PASS  clear restores config graphite style
  PASS  settings refresh preserves the active pack
  PASS  settings refresh preserves the pack DOM marker
  PASS  settings refresh preserves the pack effective style
  PASS  settings refresh updates the configured restore appearance
  PASS  clear restores the configured appearance after settings refresh
  PASS  active pack effective style is not mirrored as configured base
  PASS  direct reset still restores configured base after experience sync
  PASS  inactive experience still synchronizes a newly selected base style
  PASS  compact density vars defined in pack builder
  PASS  compact density injected
  PASS  compact row height injected
  PASS  density pad consumed by cards
  PASS  density gap consumed
  PASS  density maps to list row height
  PASS  layout background transparent when theme has background
  PASS  token-only packs keep opaque layout surfaces
  PASS  pane transparency keeps block code and diff opaque while preserving inline-code styling
  PASS  home cards consume pane opacity tier
  PASS  task cards consume pane opacity tier
  PASS  preview cards consume the same pane opacity tier
  PASS  background layer only displays for packs with backgrounds
  PASS  ThemeLibrary cleanup cancels preview
  PASS  import confirm reuses staged path without re-picking
  PASS  import handles needsReplace result
  PASS  ThemeGallery does not use native confirm dialogs
  PASS  ThemeLibrary does not use native confirm dialogs
  PASS  theme flows share the Reasonix confirm dialog
  PASS  confirm dialog exposes accessible modal semantics
  PASS  destructive confirmations use danger styling
  PASS  confirm dialog supports Escape and focus restoration
  PASS  gallery cancellation restores focus after closing its overflow menu
  PASS  overlay style id stable
  PASS  overlay style appended last for priority
  PASS  tracks base appearance for restore
  PASS  background layer CSS present
  PASS  task scene CSS present
  PASS  theme pack CSS does not apply backdrop-filter
  PASS  overlay wash element styled
  PASS  session export owner wires scene from session content
  PASS  App mounts background layer
  PASS  reset entry exists

official themes (kind/grouping/i18n)
  PASS  kind official passthrough
  PASS  kind base passthrough
  PASS  kind user passthrough
  PASS  legacy builtin=true falls back to base
  PASS  legacy builtin=false falls back to user
  PASS  appearance overview present
  PASS  overview has browse themes
  PASS  overview can disable pack
  PASS  settings pages retain accessible names without a duplicate visual header
  PASS  base-style copy opens a prefilled theme editor
  PASS  overview segmented controls expose selection semantics
  PASS  overview choices use the shared field-width control
  PASS  overview does not retain standalone segmented controls
  PASS  overview choices share the bounded responsive field width
  PASS  overview segmented controls expand on narrow screens
  PASS  Creation compact swatches stay scoped to real theme cards
  PASS  Creation appearance hero keeps readable swatch dimensions
  PASS  Creation Graphite appearance hero keeps the gold accent palette
  PASS  custom UI font selection exposes an editable font name
  PASS  custom monospace font selection exposes an editable font name
  PASS  font family selectors render localized names
  PASS  active pack explains why base style is locked
  PASS  gallery cards are listbox options
  PASS  apply lives in gallery detail
  PASS  card click selects without applying
  PASS  changing gallery groups synchronizes the selected detail
  PASS  apply path uses activate API
  PASS  base style API wired
  PASS  selection is frontend state
  PASS  gallery thumbs lazy-load
  PASS  isolated detail preview
  PASS  theme preview includes real code and diff samples
  PASS  base gallery cards render semantic UI thumbnails
  PASS  immersive rail renders base-style thumbnails
  PASS  graphite light uses its canonical preview palette
  PASS  graphite dark uses its canonical preview palette
  PASS  aurora light uses its canonical preview palette
  PASS  aurora dark uses its canonical preview palette
  PASS  slate light uses its canonical preview palette
  PASS  slate dark uses its canonical preview palette
  PASS  carbon light uses its canonical preview palette
  PASS  carbon dark uses its canonical preview palette
  PASS  nocturne light uses its canonical preview palette
  PASS  nocturne dark uses its canonical preview palette
  PASS  amber light uses its canonical preview palette
  PASS  amber dark uses its canonical preview palette
  PASS  six base previews have distinct dark accents
  PASS  all gallery card clicks immediately start a global preview
  PASS  gallery preview state is visible in theme details
  PASS  leaving all themes restores the prior appearance
  PASS  detail and immersive views share preview controls
  PASS  appearance and scene previews are separate radio groups
  PASS  preview controls expose selected values
  PASS  preview radios support arrow keys and roving focus
  PASS  immersive selection automatically starts a global preview
  PASS  leaving immersive preview restores the prior appearance
  PASS  redundant global-trial button is removed
  PASS  immersive rail includes official, user, and base theme groups
  PASS  immersive rail hides empty groups
  PASS  immersive rail has no duplicate bottom tab navigation
  PASS  active theme uses a status badge
  PASS  active status is not rendered as a disabled primary action
  PASS  user theme edit and export actions are visible outside the overflow menu
  PASS  user theme overflow menu keeps only delete
  PASS  editor supports an independent workspace image
  PASS  editor exposes semantic theme colors
  PASS  editor exposes scene opacity controls
  PASS  content-area control exposes radio semantics and guidance
  PASS  editor changes are previewed live
  PASS  bridge exposes GetThemeExperience
  PASS  bridge exposes ActivateBaseStyle
  PASS  bridge exposes DisableThemePack
  PASS  gallery combines official and base packs in all themes
  PASS  all themes keeps flagship and base sections
  PASS  catalog sections retain accessible grouping
  PASS  base styles are no longer a separate top-level tab
  PASS  empty user tab is not overwritten by selection seeding
  PASS  overview no longer renders long style card grid
  PASS  en has settings.themes.official.official-rose-dawn.name
  PASS  zh has settings.themes.official.official-rose-dawn.name
  PASS  zh-TW has settings.themes.official.official-rose-dawn.name
  PASS  en has settings.themes.official.official-rose-dawn.description
  PASS  zh has settings.themes.official.official-rose-dawn.description
  PASS  zh-TW has settings.themes.official.official-rose-dawn.description
  PASS  en has settings.themes.official.official-fortune-forge.name
  PASS  zh has settings.themes.official.official-fortune-forge.name
  PASS  zh-TW has settings.themes.official.official-fortune-forge.name
  PASS  en has settings.themes.official.official-fortune-forge.description
  PASS  zh has settings.themes.official.official-fortune-forge.description
  PASS  zh-TW has settings.themes.official.official-fortune-forge.description
  PASS  en has settings.themes.official.official-crimson-horizon.name
  PASS  zh has settings.themes.official.official-crimson-horizon.name
  PASS  zh-TW has settings.themes.official.official-crimson-horizon.name
  PASS  en has settings.themes.official.official-crimson-horizon.description
  PASS  zh has settings.themes.official.official-crimson-horizon.description
  PASS  zh-TW has settings.themes.official.official-crimson-horizon.description
  PASS  en has settings.themes.official.official-sage-breeze.name
  PASS  zh has settings.themes.official.official-sage-breeze.name
  PASS  zh-TW has settings.themes.official.official-sage-breeze.name
  PASS  en has settings.themes.official.official-sage-breeze.description
  PASS  zh has settings.themes.official.official-sage-breeze.description
  PASS  zh-TW has settings.themes.official.official-sage-breeze.description
  PASS  en has settings.themes.official.official-spark-notebook.name
  PASS  zh has settings.themes.official.official-spark-notebook.name
  PASS  zh-TW has settings.themes.official.official-spark-notebook.name
  PASS  en has settings.themes.official.official-spark-notebook.description
  PASS  zh has settings.themes.official.official-spark-notebook.description
  PASS  zh-TW has settings.themes.official.official-spark-notebook.description
  PASS  en has settings.themes.official.official-violet-starlight.name
  PASS  zh has settings.themes.official.official-violet-starlight.name
  PASS  zh-TW has settings.themes.official.official-violet-starlight.name
  PASS  en has settings.themes.official.official-violet-starlight.description
  PASS  zh has settings.themes.official.official-violet-starlight.description
  PASS  zh-TW has settings.themes.official.official-violet-starlight.description
  PASS  en has settings.themes.official.official-cyan-stage.name
  PASS  zh has settings.themes.official.official-cyan-stage.name
  PASS  zh-TW has settings.themes.official.official-cyan-stage.name
  PASS  en has settings.themes.official.official-cyan-stage.description
  PASS  zh has settings.themes.official.official-cyan-stage.description
  PASS  zh-TW has settings.themes.official.official-cyan-stage.description
  PASS  en has settings.themes.official.official-noir-gold.name
  PASS  zh has settings.themes.official.official-noir-gold.name
  PASS  zh-TW has settings.themes.official.official-noir-gold.name
  PASS  en has settings.themes.official.official-noir-gold.description
  PASS  zh has settings.themes.official.official-noir-gold.description
  PASS  zh-TW has settings.themes.official.official-noir-gold.description
  PASS  gallery key settings.themeGallery.title in all locales
  PASS  gallery key settings.themeGallery.apply in all locales
  PASS  gallery key settings.themeGallery.browse in all locales
  PASS  gallery key settings.themeGallery.paletteLabel in all locales
  PASS  gallery key settings.themeGallery.appearancePreview in all locales
  PASS  gallery key settings.themeGallery.scenePreview in all locales
  PASS  gallery key settings.themeGallery.scenePreviewHint in all locales
  PASS  gallery key settings.themeGallery.tabAll in all locales
  PASS  gallery key settings.themeGallery.sectionFlagship in all locales
  PASS  gallery key settings.themeEditor.safeAreaHint in all locales
  PASS  gallery key settings.themeLibrary.confirmDeleteTitle in all locales
  PASS  gallery key settings.themeLibrary.confirmReplaceImportTitle in all locales
  PASS  gallery key settings.themeLibrary.replaceConfirm in all locales
  PASS  gallery key settings.themeLibrary.exportRightsTitle in all locales
  PASS  gallery key settings.themeLibrary.exportConfirm in all locales
  PASS  mock has 6 base packs
  PASS  mock has 8 official packs
  PASS  browser mock has 8 real official previews
  PASS  browser mock has 8 real official backgrounds
  PASS  browser mock gives every official theme the product pane opacity
  PASS  Vite dev server permits only the official theme asset directory
  PASS  gallery establishes its own responsive container
  PASS  gallery collapses from its content width
  PASS  theme editor escapes settings containing blocks through a body portal
  PASS  theme editor portal retains accessible dialog semantics
  PASS  theme editor establishes an independent responsive container
  PASS  theme editor collapses from its own width
  PASS  all editor segmented setting buttons share available width
  PASS  base appearance options wrap at narrow editor widths
  PASS  preview dimensions have labeled layout styling
  PASS  scene preview explains home and workspace behavior
  PASS  scene options use explicit Chinese labels
  PASS  gallery explains click-to-preview and apply-to-save semantics
  PASS  English restore copy names Graphite and preserves detailed typography
  PASS  Chinese restore copy localizes Graphite as 石墨 and preserves detailed typography
  PASS  user theme edit and export actions share a balanced row
  PASS  immersive rail groups have lightweight headings and item stacks
  PASS  active status has dedicated non-button styling
  PASS  content-area guidance has dedicated responsive styling
  PASS  code and diff surfaces consume the opaque code background
  PASS  live and preview diff rows consume the same pre-composited safe backgrounds
  PASS  Chinese content-area copy explains foreground placement
  PASS  pack overlay never targets layout-scoped selectors
  PASS  auto mode follows system light/dark
  PASS  ThemeLibrary module retained for editor/helpers

305 passed, 0 failed

▶ src/__tests__/todo-panel-lifecycle.test.tsx
todo panel lifecycle checks passed

▶ src/__tests__/tool-approval-mode.test.ts

tool approval mode
  PASS  ask restores to ask
  PASS  auto restores to auto
  PASS  yolo cannot be a restore base
  PASS  Ctrl+Y turns ask into yolo
  PASS  Ctrl+Y remembers ask
  PASS  Ctrl+Y turns auto into yolo
  PASS  Ctrl+Y remembers auto
  PASS  Ctrl+Y restores auto from yolo
  PASS  Ctrl+Y falls back to ask when no restore base exists
  PASS  English Ask copy is not presented as read-only
  PASS  Simplified Chinese Ask copy is not presented as read-only
  PASS  Traditional Chinese Ask copy is not presented as read-only
  PASS  heartbeat Ask hint preserves the same boundary
  PASS  Plan copy names permissions and sandbox
  PASS  English Full access preserves fresh-review boundary
  PASS  Simplified Chinese Full access preserves fresh-review boundary
  PASS  Traditional Chinese Full access preserves fresh-review boundary
  PASS  Full access does not promise to bypass every approval
  PASS  English YOLO status preserves fresh-review boundary
  PASS  Simplified Chinese YOLO status preserves fresh-review boundary
  PASS  Traditional Chinese YOLO status preserves fresh-review boundary
  PASS  English YOLO setting names ordinary prompts only
  PASS  Simplified Chinese YOLO setting names ordinary prompts only
  PASS  Traditional Chinese YOLO setting names ordinary prompts only

24 passed, 0 failed, 24 total

▶ src/__tests__/tool-card-command.test.tsx
PASS shell command visibility, exact copy, archived retry and identity fencing

▶ src/__tests__/tool-card-error-details.test.tsx

tool card error details
  PASS  duplicate error output is not rendered as a code block
  PASS  compact error summary is visible
  PASS  full error details are hidden by default
  PASS  long receipt list is not visible before expansion
  PASS  full error details render after expansion

5 passed, 0 failed, 5 total

▶ src/__tests__/tool-card-running-elapsed.test.tsx

tool card running elapsed
  PASS  dispatch creates a running card
  PASS  dispatch stamps startedAt from the frontend clock
  PASS  the full dispatch keeps the partial dispatch's startedAt
  PASS  running card shows a live elapsed label at dispatch
  PASS  running card registers exactly one ticker
  PASS  live elapsed label advances with the clock
  PASS  live elapsed label keeps advancing
  PASS  unmount clears the ticker
  PASS  sub-agent card registers exactly one ticker (no double tick)
  PASS  sub-agent card leaves elapsed to its progress chip
  PASS  sub-agent chip still ticks (got "running · 5s · 5s ago")
  PASS  tool_result settles the card
  PASS  completed card shows the final duration
  PASS  completed card registers no ticker
  PASS  completed card's duration does not drift with the clock
  PASS  running card without startedAt hides the elapsed label
  PASS  running card without startedAt does not tick
  PASS  turn_stalled appends a transcript notice
  PASS  turn_stalled notice keeps its warn level
  PASS  turn_stalled notice text is localized by code
  PASS  turn_stalled does not change the running flag
  PASS  turn_stalled does not end the turn
  PASS  turn_stalled does not touch the stream-interrupt flag
  PASS  localizedNoticeText maps turn_stalled to the English copy
  PASS  zh copy for turn_stalled
  PASS  zh-TW copy for turn_stalled

26 passed, 0 failed, 26 total

▶ src/__tests__/tool-card-shell-execution.test.tsx

tool card shell execution
  PASS  live path: tool item created
  PASS  live path: bash result marked isShell
  PASS  live path: execution.shell preserved
  PASS  live path: exitCode preserved
  PASS  live path: failurePhase preserved
  PASS  live path: card shows Windows PowerShell (got "Windows PowerShell")
  PASS  live path: summary shows exit/phase (got "exit 1 · execution · 42 ms")
  PASS  live path: partial mutation risk visible
  PASS  live path: execution failure must not show not-run label
  PASS  live path: stderr details element present after expand affordance
  PASS  live path: Chinese stderr from execution.outputTail is visible in the DOM
  PASS  timed_out: shows partial mutation risk
  PASS  timed_out: does not claim command never ran
  PASS  cancelled: shows partial mutation risk
  PASS  cancelled: does not claim command never ran
  PASS  history path: one tool item
  PASS  history path: bash isShell
  PASS  history path: execution restored
  PASS  history path: not_started risk
  PASS  history path: shell name bash (got "bash")
  PASS  history path: preflight shows command-not-run (not partial)
  PASS  history path: preflight must not claim partial file modification
  PASS  archive path: tool_result archives large output
  PASS  archive path: output dropped after archive
  PASS  archive path: execution survives compactArchivedToolItems
  PASS  archive path: exitCode survives archive
  PASS  archive path: card still shows Windows PowerShell without re-fetch
  PASS  archive path: partial risk still visible when execution retained
  PASS  archive rehydrate: shell name after expand (got "Windows PowerShell")
  PASS  archive rehydrate: exit/phase after expand (got "exit 1 · execution · 42 ms")
  PASS  archive rehydrate: partial risk after expand
  PASS  nil execution falls back to bash label
  PASS  nil execution still renders shell card without throwing

33 passed, 0 failed, 33 total

▶ src/__tests__/tool-data-archive.test.ts

tool data archiving on tool_result
  PASS  tool item exists after tool_result
  PASS  single tool is archived immediately
  PASS  output is dropped
  PASS  args truncated to ≤200 chars (got 201)
  PASS  50 tools present
  PASS  all 50 tools archived immediately
  PASS  all tools have output dropped
  PASS  all args ≤200 chars (max 201)
  PASS  no crash when tool output is undefined
  PASS  tool exists while running
  PASS  tool is running
  PASS  running tool not archived yet
  PASS  running tool keeps full args
  PASS  tool archived after result
  PASS  output dropped after result
  PASS  500 tools present
  PASS  total string size 100,500 ≤ 102,500 (98% of max)
  PASS  archive removed 99% of tool string data
  PASS  history restored one archived tool
  PASS  history archived tool is marked archived
  PASS  history archived tool has no output
  PASS  history archived tool has no args
  PASS  history archived tool keeps subject
  PASS  history archived tool keeps summary
  PASS  history restore avoids large args/output strings
  PASS  history restored older todo_write
  PASS  history restored latest todo_write
  PASS  older todo_write args are truncated during history restore
  PASS  older todo_write no longer keeps full JSON
  PASS  latest todo_write keeps full args during history restore
  PASS  latest todo_write args remain parseable JSON
  PASS  first live todo_write result is recorded
  PASS  latest live todo_write result is recorded
  PASS  older live todo_write stays archived
  PASS  older live todo_write args are truncated
  PASS  latest live todo_write still marks output as archived
  PASS  latest live todo_write keeps full args
  PASS  latest live todo_write args remain parseable JSON
  PASS  previous successful todo_write remains canonical after a later failure
  PASS  failed todo_write args are truncated
  PASS  failed todo_write keeps error status
  PASS  older todo_write args stay archived when latest todo_write clears the list
  PASS  older todo_write does not keep full JSON after a clear
  PASS  empty todo_write clear keeps parseable canonical args
  PASS  empty todo_write clear remains parseable as the latest canonical list

45 passed, 0 failed, 45 total

▶ src/__tests__/tool-subject.test.ts

tool subject contract
  PASS  task subject uses description
  PASS  run_skill subject uses skill name
  PASS  use_capability subject uses capability_id
  PASS  use_capability list falls back to action
  PASS  old proxy history fails closed as visible
  PASS  resolved reader history restores read-only classification
  PASS  resolved writer history restores writer classification
  PASS  history keeps resolved MCP target
  PASS  legacy built-in reader remains read-only
  PASS  provider web search cards are read-only
  PASS  provider web search stays a standalone card
  PASS  ordinary readers still batch
  PASS  legacy search reader remains read-only
  PASS  legacy unresolved proxy remains fail-closed
  PASS  unknown history tool remains fail-closed
  PASS  server search hydrates as a tool card before the answer
  PASS  server search card uses web_search
  PASS  search card subject is the query
  PASS  search card keeps structured sources for display
  PASS  search card preserves raw output for replay/history
  PASS  model text stays a separate assistant item
  PASS  answer text does not include search results
  PASS  answer hydrates search footnotes

23 passed

▶ src/__tests__/topic-activation.test.tsx

topic activation (ticketed)
  PASS  B applies optimistically on its ticket
  PASS  B shows the hydrating surface until its terminal event
  PASS  C applies optimistically over B
  PASS  superseded terminal events do not flip the visible tab
  PASS  superseded terminal events never hydrate
  PASS  C still waits for its own terminal event
  PASS  starting does not hydrate
  PASS  only the last click's history is visible
  PASS  A applies optimistically
  PASS  failed activation restores the previously committed source tab
  PASS  restored source is immediately usable
  PASS  failed activation retains the source transcript
  PASS  failure notice is sanitized before it reaches the restored source
  PASS  target history failure retains the source controller transcript
  PASS  target history failure does not expose a local path
  PASS  tab:meta merges the refreshed git branch
  PASS  tab:meta merges the refreshed image-input capability
  PASS  tab:meta for a different session binding is discarded
  PASS  reattached thinking session stays marked running
  PASS  running-session hydrate settles instead of leaving Welcome
  PASS  switch-back selects the thinking session
  PASS  switch-back does not present the other session as a hydration placeholder
  PASS  switch-back keeps the composer in the live turn
  PASS  switch-back does not keep the other session as the visible transcript
  PASS  switch-back clears the foreign placeholder after live history lands
  PASS  Ask is visible before activation history hydrates
  PASS  transient Ask history failure stays on the selected session
  PASS  transient Ask history failure retries without a second click
  PASS  transient Ask history retry remains blocked on user input
  PASS  transient Ask history retry remains running
  PASS  transient Ask history retry preserves the decision card

31 passed, 0 failed

▶ src/__tests__/topic-summary-commands.test.tsx
topic summary commands: identity memo, single-flight fetch, revision refetch and failure clearing passed

▶ src/__tests__/topicbar-actions-lifecycle.test.tsx
topicbar lifecycle: 128 replacements retain one action group and no orphan DOM

▶ src/__tests__/topicbar-controls.test.ts
topicbar static presentation contracts passed

▶ src/__tests__/topicbar-region.test.tsx
An empty string ("") was passed to the src attribute. This may cause the browser to download the whole page again over the network. To fix this, either do not render the element at all or pass null to src instead of an empty string.
topicbar region: DOM structure, source commands, focus, rename keys and action identity passed

▶ src/__tests__/topicbar-session-actions.test.tsx

topicbar direct session actions and export navigation
  PASS  all four session actions are directly available without opening a menu
  PASS  one click invokes each direct action, including asynchronous copy
  PASS  focusing the terminal action prefetches its panel
  PASS  one export click opens all four formats and focuses the first
  PASS  ArrowUp wraps to the last format
  PASS  Home focuses the first format
  PASS  ArrowDown advances to the next format
  PASS  End focuses the last format
  PASS  Escape closes export and restores trigger focus
  PASS  ArrowUp on the export trigger opens at the final format
  PASS  format selection dispatches export, closes the menu, and restores focus
  PASS  markdown export retains its callback
  PASS  json export retains its callback
  PASS  pdf export retains its callback
  PASS  moving focus outside export dismisses it without stealing focus
  PASS  pointer interaction outside dismisses export
  PASS  switching sessions clears the previous export menu
  PASS  empty sessions disable export and remote surfaces disable terminal
  PASS  disabled actions neither run nor prefetch

19 passed, 0 failed

▶ src/__tests__/transcript-command.test.tsx
PASS stable Transcript commands use committed state without cross-render callback chains

▶ src/__tests__/transcript-scroll-diagnostics.test.ts
transcript scroll diagnostics tests passed

▶ src/__tests__/transcript-snapshot-client.test.ts
transcript snapshot client races, field-selective content and complete tool details: ok

▶ src/__tests__/transcript-store.test.ts

transcript store
  PASS  paged read pause equals live and legacy history presentation
  PASS  reloading a pause does not duplicate its card
  PASS  latest page projects items
  PASS  latest page reports older history
  PASS  history user items retain their absolute turn for complete-session navigation
  PASS  every paged user item carries an absolute history turn
  PASS  paged concatenation equals single-shot conversion (228 items from 286 messages)
  PASS  newest page item ids are stable across prepends
  PASS  item ids are unique across the full projection
  PASS  10,000-turn target paging reaches the first page
  PASS  10,000-turn target paging respects both turn and production entry bounds
  PASS  10,000-turn target paging performs the expected bounded backend calls
  PASS  targeted pages use the backend's bounded 1000-entry capacity
  PASS  10,000-turn target paging preserves every question
  PASS  10,000-turn target paging lands on absolute turn one
  PASS  10,000-turn target paging keeps the tail coordinate
  PASS  10,000-turn target paging keeps item ids unique
  PASS  10,000-turn transcript stays within the production history body budget
  PASS  10,000-turn targeted paging completes within 10s (1326.4ms)
  PASS  result row converts standalone before its call pages in
  PASS  standalone result keeps the toolCallId item id
  PASS  older page prepends
  PASS  the standalone result item is superseded by the merged call item
  PASS  exactly one tool item after the merge (no duplicate)
  PASS  merged tool item takes the call's args
  PASS  merged tool item takes the result's output
  PASS  merged tool item is done
  PASS  merged projection equals single-shot conversion
  PASS  append contributes the new rows' items
  PASS  append keeps existing item ids
  PASS  append grows the projection
  PASS  three sessions resident at the cap
  PASS  fourth session evicts the least-recently-used one
  PASS  new session stays resident
  PASS  pinned sessions do not count toward the resident cap
  PASS  pinned live session survives eviction
  PASS  oldest unpinned session evicts instead
  PASS  evicted session re-opens via a fresh slice fetch
  PASS  re-opened session restores its full projection
  PASS  history body budget holds across sessions
  PASS  byte budget evicts the oldest by weight
  PASS  newest session survives byte-budget eviction
  PASS  markdown cache returns stored value
  PASS  markdown LRU evicts the least-recently-used entry
  PASS  recently read markdown entry survives
  PASS  markdown entries key on entryId + revision
  PASS  active selection pins its markdown projection
  PASS  refs in the newest page auto-fetch their chunks
  PASS  fixture fits in one page
  PASS  resolved full content replaces the inline preview
  PASS  content resolution notifies subscribers with item patches
  PASS  resolved content is served from the record
  PASS  resolved content is not re-fetched
  PASS  stale ref keeps the inline preview
  PASS  latest page still projects
  PASS  superseded load discards its late response
  PASS  the latest load wins
  PASS  evicted session discards its late response
  PASS  evicted records never land
  PASS  auto-fetch of the first load is in flight
  PASS  late content chunk from a previous generation is discarded
  PASS  stale cursor triggers a latest-page reload
  PASS  reload replaces with the fresh newest page
  PASS  paging resumes after the reload
  PASS  older page prepends after reload
  PASS  matching canonical fingerprint reuses the resident projection
  PASS  resident projection retains its canonical revision
  PASS  changed same-path fingerprint bypasses the resident projection
  PASS  fresh projection adopts the advanced canonical digest
  PASS  positive legacy slice revision implies a known canonical identity

70 passed, 0 failed

▶ src/__tests__/trash-management.test.tsx
PASS trash page, stale preview, confirmation focus, recovery exclusion, failed-only retry and post-success refresh failure

▶ src/__tests__/trash-operations.test.ts
PASS trash partial failure, fixed targets, deduplication and explicit failed-only retry

▶ src/__tests__/turn-action-copy.test.ts

turn action copy
  PASS  keeps single assistant output unchanged
  PASS  accumulates multiple assistant outputs in one turn
  PASS  does not add an extra blank line when the previous block already ends with newline
  PASS  does not add an extra blank line when the next block starts with newline
  PASS  ignores whitespace-only assistant fragments

5 passed, 0 failed

▶ src/__tests__/turn-event-projection-reset.test.ts
turn event projection reset tests passed

▶ src/__tests__/turn-lifecycle-reducer.test.ts
turn lifecycle reducer tests passed

▶ src/__tests__/turn-metrics.test.ts
turn metrics: all assertions passed

▶ src/__tests__/turn-timing-race.test.ts
turn timing snapshot ordering
  PASS  a stale running snapshot cannot resurrect a completed turn
  PASS  a stale running snapshot cannot rewind a newer turn clock
  PASS  an unordered status keeps a surviving newer local clock
  PASS  a stale idle snapshot cannot stop a newer live turn
  PASS  a newer backend start still corrects an earlier local fallback

5 passed, 0 failed

▶ src/__tests__/turn-verification-commands.test.tsx
turn verification commands: dock reveal, sequenced requests and reset lifecycle passed

▶ src/__tests__/typography-preferences.test.ts

regional typography preferences
  PASS  regions follow global by default
  PASS  code uses its semantic base size
  PASS  metadata defaults to the existing 12px supporting-text size
  PASS  oversized values clamp to the region maximum
  PASS  undersized values clamp to the region minimum
  PASS  custom names are normalized
  PASS  missing regions retain backward-compatible defaults
  PASS  unsafe CSS delimiters are rejected
  PASS  safe custom font input remains editable
  PASS  unsafe custom font input is blocked before state changes
  PASS  preset resolves to a usable font stack
  PASS  custom regions expose an exact CSS size
  PASS  code exposes an exact CSS size independent of root tokens
  PASS  disabling metadata follow-global preserves its rendered size
  PASS  metadata uses the same base as the global supporting-text token
  PASS  follow-global regions clear stale exact sizes
  PASS  applied preferences remain persisted

17 passed, 0 failed, 17 total

▶ src/__tests__/ui-perf-scenarios.test.ts
  PASS  01: one reducer pass per frame at most (127 commits / 127 frames)
  PASS  01: markdown parses bounded by blocks, not ticks (8 for 8 paragraphs)
  PASS  01: full answer reached the live stream
  PASS  02: state commits stay at or under display FPS (60.0/s)
  PASS  02: visible reasoning Markdown stays within its parse budget (1)
  PASS  02: answer Markdown keeps its existing parse budget (16)
  PASS  02: full reasoning reached the live stream
  PASS  02: answer text after reasoning completed it
  PASS  03: commits bounded by frames (840/840)
  PASS  03: open fences keep committing so streamed code stays highlighted (20 parses)
  PASS  03: parse cadence capped by the 50ms tier even inside fences (20 parses / 840 frames)
  PASS  05: transcript carries the long session (231 items)
  PASS  05: per-delta cost is O(1) — no transcript cloning while streaming over a long session
  PASS  05: commits bounded by frames on a long transcript (203/203)
  PASS  06: background streaming never trips the whole-App bump — liveStore only
  PASS  06: background reasoning performs no Markdown parsing

16 passed, 0 failed

▶ src/__tests__/ui-perf.test.ts
  PASS  empty sample set has no percentile
  PASS  single sample is its own percentile
  PASS  p50 of 10 evenly spread samples
  PASS  p95 of 10 samples takes the top sample
  PASS  bridge event rate buckets by per-second rate
  PASS  state commit rate buckets by per-second rate
  PASS  stream→paint p95 buckets in ms
  PASS  frame p95 under one display frame
  PASS  slow frame percentage buckets
  PASS  input latency over budget lands in the top bucket
  PASS  markdown render p95 within budget
  PASS  no long tasks reports zero
  PASS  DOM size buckets
  PASS  JS heap buckets
  PASS  sub-second turns report no rates
  PASS  missing samples are omitted, not reported as zero
  PASS  long task count still buckets
  PASS  bridge events counted
  PASS  state commits counted
  PASS  turn duration from injected clock
  PASS  frame p95 from sampled frame durations
  PASS  one of two frames over 33ms
  PASS  dispatch→frame latency sampled on the next frame
  PASS  DOM size snapshot at finish
  PASS  heap snapshot at finish
  PASS  turn_done reports exactly once
  PASS  reported signals come from the turn's own counters
  PASS  no reporting outside a turn

28 passed, 0 failed

▶ src/__tests__/use-controller-cancel-reconcile.test.tsx

use controller cancel reconcile
  PASS  sequence gap replays the durable missing prefix once
  PASS  gap replay keeps the stable sampling-segment item id
  PASS  future event projects only after the missing prefix
  PASS  duplicate sequence is ignored idempotently
  PASS  turn_started marks the tab running
  PASS  cancel reconciliation clears the running state
  PASS  CancelTab is called once
  PASS  cancel reconciliation clears cancelRequested
  PASS  cancellation never reloads or replaces the transcript
  PASS  cancelled prompt stays in the projected transcript
  PASS  cancelled prompt keeps its conversation checkpoint
  PASS  an immediate stop still has the optimistic prompt item
  PASS  immediate cancellation does not schedule a transcript hydrate
  PASS  immediate cancellation keeps the optimistic prompt bubble
  PASS  immediate cancellation keeps the rewind checkpoint
  PASS  resubmission survives the completed cancellation cleanup
  PASS  resubmission cannot race a stale cancellation history response
  PASS  TurnDone does not request the full checkpoint-turn history
  PASS  SetEffortForTab is called once
  PASS  busy effort switch surfaces a non-failure warning notice
  PASS  cancel returns only backend-confirmed withdrawn IDs
  PASS  receipt-capable cancellation is called for durable guidance
  PASS  cancel failure formats the stable inbox code for the active locale
  PASS  cancel failure never renders the stable transport code
  PASS  turn_started with a turn id records the active turn
  PASS  exact-turn stop is attempted first
  PASS  fence rejection falls back to the unconditional CancelTab
  PASS  fence rejection does not surface a Cancel failed notice
  PASS  idle stop still asks the backend once
  PASS  idle stop does not retry through CancelTab
  PASS  idle stop does not surface a Cancel failed notice
  PASS  event gap recovery never replays a state-changing command
  PASS  event gap recovery retains projected user item identities
  PASS  same-session event repair does not reload mounted history

34 passed, 0 failed, 34 total

▶ src/__tests__/use-controller-history-live-race.test.tsx

use controller history/live race
  PASS  turn starts while history is pending
  PASS  late history keeps the live turn running
  PASS  late history keeps the live assistant stream
  PASS  late history lands in front of the live turn
  PASS  late history leaves the live turn at the tail

5 passed, 0 failed, 5 total

▶ src/__tests__/use-controller-live-context.test.tsx

use controller live context refresh
  PASS  initial completed-turn context loads
  PASS  initial DeepSeek balance loads
  PASS  executor usage refreshes all-source context before turn_done
  PASS  status bar renders the live executor-era session average
  PASS  panel ignores its stale private snapshot and matches the status bar
  PASS  usage triggers a new ContextUsageForTab snapshot
  PASS  live subscriber receives the coalesced text burst
  PASS  live subscriber receives the first provider-output timestamp
  PASS  pure stream deltas do not re-render the controller owner
  PASS  subagent usage also refreshes the shared all-source context
  PASS  status bar renders the live all-source session average
  PASS  panel stays aligned after a burst usage update
  PASS  subagent usage does not replace the executor latest-request metric
  PASS  first live snapshot starts
  PASS  newer live snapshot starts
  PASS  newest usage snapshot wins
  PASS  status bar follows the newest usage snapshot
  PASS  panel follows the same newest usage snapshot
  PASS  late stale snapshot cannot regress the status bar
  PASS  late stale snapshot cannot regress the rendered average
  PASS  late stale snapshot cannot regress the panel average
  PASS  pre-switch balance refresh starts
  PASS  starting a hot model switch immediately hides the DeepSeek balance
  PASS  rapid model switches enter the backend in click order
  PASS  superseded model switch reports that it no longer owns the UI
  PASS  latest model switch starts after the older backend call
  PASS  superseded switch cannot restore its provider balance
  PASS  latest model switch owns the completed UI refresh
  PASS  latest model switch balance wins
  PASS  only the active model switch enters the backend immediately
  PASS  an unstarted intermediate model switch is coalesced
  PASS  the latest coalesced model switch starts after the active call
  PASS  the latest coalesced model switch owns reconciliation
  PASS  the skipped intermediate model never reaches the backend
  PASS  three rapid picks perform only two controller rebuilds
  PASS  late DeepSeek balance response cannot overwrite the latest switched provider
  PASS  older successful switch stays hidden while the latest switch is pending
  PASS  latest failed switch reports failure
  PASS  failed latest switch refreshes the provider established by the older queued success
  PASS  failed latest switch reconciles metadata from the older queued success
  PASS  a failing switch hides the outgoing balance while pending
  PASS  failed model switch reports failure to its caller
  PASS  failed switch restores the known balance when its confirmation refresh fails
  PASS  queued failing switches keep the outgoing balance hidden while pending
  PASS  queued failing switches enter the backend in click order
  PASS  superseded queued failure does not own balance reconciliation
  PASS  latest queued failing switch starts after the older failure
  PASS  superseded queued failure cannot restore the outgoing balance
  PASS  latest queued failure reports failure
  PASS  consecutive queued failures restore the pre-queue balance when confirmation fails
  PASS  failed close keeps the in-flight model switch current
  PASS  failed close keeps the tab mounted
  PASS  failed close preserves model metadata reconciliation
  PASS  failed close preserves model balance reconciliation

54 passed, 0 failed, 54 total

▶ src/__tests__/use-controller-meta.test.ts

use controller meta
  PASS  model busy guard names the background-job blocker
  PASS  effort busy guard names the running-answer blocker
  PASS  model busy guard is localized
  PASS  model lease conflict explains the safe path
  PASS  model startup race asks the user to retry later
  PASS  model tab race asks the user to retry
  PASS  model unknown error is localized
  PASS  model provider access error is localized
  PASS  effort busy guard is worded as temporary
  PASS  effort lease conflict explains the safe path
  PASS  effort startup race asks the user to retry later
  PASS  effort tab race asks the user to retry
  PASS  effort true failure keeps the underlying error
  PASS  backend autosave notice is localized through the active dictionary
  PASS  backend save-before-action notice localizes the action
  PASS  backend model fallback notice is localized
  PASS  legacy recovery branch notice can be normalized without exposing internal branch id
  PASS  recovery copy notice can be normalized
  PASS  legacy repeated recovery conflict notice can be normalized
  PASS  repeated recovery conflict notice can be normalized
  PASS  adopted transcript notice can be normalized
  PASS  covered adopted transcript notice can be normalized
  PASS  canonical backend notice is routed through the locale dictionary
  PASS  dynamic background job notice is user-facing
  PASS  a stable notice code localizes the main copy even after backend copy edits
  PASS  workspace lease contention uses its stable localized notice code
  PASS  cancelled turn history explains the model-context boundary
  PASS  unapplied steer keeps the user's guidance while localizing the warning
  PASS  session recovery fork localization uses its stable notice code
  PASS  covered session adoption localization uses its stable notice code
  PASS  session recovery depth-cap localization uses its stable notice code
  PASS  an unknown notice code falls back to exact-text matching
  PASS  a codeless unmatched notice keeps its raw text
  PASS  a distant question jump uses the bounded 500-turn history window
  PASS  the follow-up jump page reaches the requested turn without overfetching
  PASS  ordinary automatic history loading keeps the standard page size
  PASS  a distant jump uses the backend's bounded entry capacity
  PASS  ordinary history loading keeps the default entry and byte budgets
  PASS  recovery conflict notices stay silent in the live transcript
  PASS  silent recovery notices do not consume sequence ids
  PASS  ordinary repeated notices remain visible
  PASS  background lifecycle notices stay silent in the live transcript
  PASS  silent lifecycle notices do not consume sequence ids
  PASS  user-triggered MCP failures remain visible
  PASS  visible MCP failure keeps its text
  PASS  recovery conflict notices stay silent when hydrating history
  PASS  background lifecycle notices stay silent when hydrating history
  PASS  silent history notices keep later item ids compact
  PASS  silent history notices do not inflate the hydrated sequence
  PASS  history notices preserve expandable detail text
  PASS  history notices localize by stable code when the replayed record carries one
  PASS  history restores persisted turn work duration
  PASS  identical meta is unchanged
  PASS  identical sessionGeneration is unchanged
  PASS  sessionGeneration changes invalidate meta equality
  PASS  collaboration mode changes invalidate meta equality
  PASS  workspace path changes invalidate meta equality
  PASS  git branch changes invalidate meta equality
  PASS  image input capability changes invalidate meta equality
  PASS  image-understanding fallback changes invalidate meta equality
  PASS  canonical todo progress invalidates meta equality
  PASS  equivalent empty canonical todo lists keep meta stable
  PASS  identical dismissed todo batches keep meta stable
  PASS  persisted todo dismissal changes invalidate meta equality
  PASS  blank tab snapshot preserves explicit auto approval mode
  PASS  blank tab snapshot does not silently resurrect yolo approval
  PASS  optimistic tab metadata preserves canonical todos for the same session
  PASS  optimistic metadata keeps session-sidecar todo dismissals
  PASS  a session remount waits for the new sidecar dismissals
  PASS  meta refresh applies canonical todo progress
  PASS  session reset clears canonical todos from the previous session
  PASS  session reset clears persisted todo dismissals from the previous session
  PASS  authoritative empty canonical todos survive meta refresh
  PASS  panel uses fresh Meta todos while the live todo_write event is delayed
  PASS  panel switches to the live todo_write snapshot when its result preview arrives
  PASS  provider-ordered terminal result upserts the preview instead of duplicating the card
  PASS  message without turn_done leaves local runtime marked running
  PASS  message without turn_done still belongs to an active turn
  PASS  final message closes the live stream before turn_done
  PASS  stale completed stream still reconciles missed turn_done
  PASS  fresh completed stream waits before reconciling
  PASS  optimistic send starts before turn_started arrives
  PASS  optimistic send reconciles even when turn_started is missed
  PASS  a delayed turn_started event keeps the backend turn start instead of restarting the timer
  PASS  a rehydrated running tab restores the backend turn start instead of restarting the timer
  PASS  a legacy turn_started event begins a new remote turn instead of reusing completed-turn timing
  PASS  first reasoning delta records a reasoning start time
  PASS  first answer token marks reasoning complete
  PASS  first answer token records reasoning completion time
  PASS  turn_done persists the live reasoning duration
  PASS  turn_done persists the full turn wall-clock duration
  PASS  final message records reasoning duration when no text delta arrived
  PASS  final message records cumulative turn work duration before turn_done
  PASS  final message still closes live reasoning state
  PASS  approval prompt keeps the turn running
  PASS  approval prompt marks pendingPrompt
  PASS  approval prompt remains cancellable
  PASS  approval_request starts tab-scoped prompt wait
  PASS  cancel_requested clears approval prompt locally
  PASS  cancel_requested clears pendingPrompt locally
  PASS  cancel_requested marks cancelling
  PASS  cancel_requested waits for backend turn_done before idling
  PASS  cancel_requested closes the open prompt wait
  PASS  cancel_requested accumulates closed wait into the turn
  PASS  late approval after cancel_requested stays hidden
  PASS  background jobs alone do not make the composer runstatus active
  PASS  backend_status stores background job count
  PASS  background jobs alone are not foreground-cancellable
  PASS  missing cancellable does not promote background-only metadata
  PASS  missing cancellable stays non-cancellable with background-only metadata
  PASS  legacy running metadata remains foreground-running
  PASS  pending prompts remain foreground-running
  PASS  background jobs without cancellable are background-only
  PASS  turn starts at t0
  PASS  fresh turn has no wait accum
  PASS  approval_request records wait start at event time
  PASS  open wait counts while tab is backgrounded
  PASS  clearApproval closes the open wait
  PASS  clearApproval accumulates background wait into the turn
  PASS  workDurationMs excludes user-wait including background wait
  PASS  reset clears context used tokens
  PASS  reset preserves context window
  PASS  reset clears context session tokens
  PASS  reset clears restored cache hit tokens
  PASS  reset clears restored cache miss tokens
  PASS  reset clears restored context session cost
  PASS  reset clears restored session cost state
  PASS  reset restores default session currency
  PASS  executor usage outside a turn does not inflate session tokens
  PASS  executor usage outside a turn does not refresh context used tokens
  PASS  helper usage outside a turn does not inflate session tokens
  PASS  helper usage outside a turn does not inflate session cost
  PASS  classifier usage while send is running counts toward session tokens
  PASS  classifier usage while send is running counts toward session cost
  PASS  classifier usage while send is running does not refresh context used tokens
  PASS  helper usage inside a turn still counts toward session tokens
  PASS  helper usage inside a turn still counts toward session cost
  PASS  helper usage inside a turn does not become displayed latest usage
  PASS  planner usage inside a turn still counts toward session tokens
  PASS  planner usage does not fill the single displayed usage slot
  PASS  compaction usage does not overwrite displayed executor usage
  PASS  compaction usage still contributes to session token totals
  PASS  turn_done stamps the exact user with checkpoint turn zero
  PASS  turn_done checkpoint assignment preserves runtime notices
  PASS  runtime notices preserve expandable detail text
  PASS  history page replace renders the latest window
  PASS  legacy history page converts its zero-based cursor to the first absolute turn
  PASS  history page records older availability
  PASS  paged history hydrates its authoritative checkpoint turn
  PASS  legacy history page preserves the absolute question turn
  PASS  older history request marks loading
  PASS  older history failures remain available to the retry UI
  PASS  retrying older history clears the previous failure
  PASS  older history prepends before the current window
  PASS  older history keeps the current window
  PASS  legacy prepend starts at absolute turn one
  PASS  legacy prepend keeps the recent page's absolute turn
  PASS  older history clears hasOlder when all pages are loaded
  PASS  older history clears loading
  PASS  todo-only readiness card shows at the gated turn
  PASS  an all-complete todo list retracts the stale todo-only card
  PASS  a card listing non-todo gaps survives todo completion
  PASS  an incomplete todo list keeps the todo-only card

163 passed, 0 failed, 163 total

▶ src/__tests__/use-controller-send-fallback.test.tsx

use controller send fallback
  PASS  startup has no active tab when backend has no tabs
  PASS  send fallback activates the backend-selected tab
  PASS  send fallback reconciles backend runtime metadata
  PASS  send fallback keeps the optimistic user turn
  PASS  send fallback submits to the activated tab
  PASS  Ask fixture starts without a local turn id
  PASS  Ask answer resolves one authoritative ListTabs fallback
  PASS  Ask answer uses the authoritative turn fence
  PASS  Ask answer never falls back to the unfenced endpoint
  PASS  successful exact answer clears the matching Ask without replay
  PASS  failed exact answer propagates to AskCard
  PASS  failed exact answer preserves the pending Ask
  PASS  failed exact answer keeps the prompt gate active
  PASS  failed Ask answer uses the active locale
  PASS  colliding submit marks its optimistic bubble failed
  PASS  colliding submit preserves the pending Ask
  PASS  active backend snapshot keeps the composer blocked after rejection
  PASS  active backend snapshot restores the prompt gate after rejection
  PASS  active backend snapshot restores the authoritative turn id
  PASS  authoritative idle snapshot releases a rejected submit
  PASS  authoritative idle snapshot leaves no prompt gate
  PASS  rejected submit retries failed ListTabs reads at every bounded delay
  PASS  exhausted status reads leave the composer conservatively blocked
  PASS  stale Ask submission expires the old card
  PASS  baseline stores the backend sequence
  PASS  first rejection settles to authoritative idle
  PASS  same-sequence idle settles a new failed submit
  PASS  same-sequence idle removes the stale Stop action

28 passed, 0 failed, 28 total

▶ src/__tests__/use-controller-stale-turn-watchdog.test.tsx

stale turn watchdog
  PASS  optimistic submit enters running state without any agent events
  PASS  missing turn_started leaves no live turn evidence
  PASS  optimistic submit arms the stale-turn watchdog
  PASS  first quiet-period probe reconciles backend runtime state
  PASS  a genuinely running backend remains running
  PASS  still-running probe re-arms instead of stopping after one check
  PASS  idle backend settles the spinner without switching tabs
  PASS  watchdog hydrates the persisted missed answer
  PASS  settled turn leaves no watchdog timer behind

9 passed, 0 failed, 9 total

▶ src/__tests__/web-search-model-settings.test.tsx
web search model settings passed

▶ src/__tests__/windows-maximised-sync.test.tsx
windows maximised sync: lifecycle gating, listener sync, generation fence and store ownership passed

▶ src/__tests__/workspace-change-status.test.ts

workspace git status labels
  PASS  ?? reads as untracked instead of leaking porcelain
  PASS  unstaged modification
  PASS  staged addition
  PASS  deletion
  PASS  rename
  PASS  unmerged conflict
  PASS  staged and unstaged modification
  PASS  missing status renders nothing
  PASS  blank status renders nothing
  PASS  an unmapped code passes through rather than vanishing
  PASS  DD is a merge conflict, not a plain deletion
  PASS  AA is a merge conflict, not a plain addition
  PASS  UD is a merge conflict
  PASS  zh translates every git status label ()
  PASS  zh-TW translates every git status label ()

15 passed, 0 failed, 15 total

▶ src/__tests__/workspace-launcher-races.test.tsx
PASS scoped branch races, stale checkout/create, serial polling, visibility and incomplete totals

▶ src/__tests__/workspace-layout.test.ts

workspace dock layout
  PASS  the workspace toggle is a bar action button, not a fixed overlay the bar must dodge
  PASS  right-dock tabs keep their content width instead of stretching to fill the strip
  PASS  1280px viewport leaves room for an expanded-sidebar dock
  PASS  expanded-sidebar preview clamps to available width instead of overflowing
  PASS  collapsed sidebar restores workspace room
  PASS  wide-enough collapsed layout keeps the preferred preview width
  PASS  very narrow viewports may leave less than the nominal dock minimum
  PASS  very narrow dock still stays inside the viewport
  PASS  ARIA minimum follows constrained rendered width
  PASS  closed panel preserves the saved preferred width
  PASS  maximized panel preserves the saved preferred width
  PASS  live dock drag clamps the hard minimum to the available dock width
  PASS  live sidebar drag recomputes dock width from the dragged sidebar width
  PASS  terminal maximum follows half of the current viewport height
  PASS  terminal maximum never falls below the accessible minimum
  PASS  restored terminal height clamps after the window shrinks
  PASS  terminal height clamps to its minimum
  PASS  workspace resize hit area starts at the dock boundary and never overlaps the chat scrollbar gutter
  PASS  terminal drawer stays visible on narrow viewports
  PASS  terminal-drawer-open layout keeps the shell bar's row and reserves one for the status bar below the terminal drawer
  PASS  the dock keeps a zero-width third track while closed so opening and closing it interpolates
  PASS  narrow viewport keeps the resizer and drawer in the content column above the status bar
  PASS  terminal drawer has a top border only when expanded, avoiding a collapsed artifact line
  PASS  workbench sidebar does not reserve the docked status bar twice
  PASS  topic bar establishes a raised stacking context for external-opener menus
  PASS  composer mode controls keep spacing and icon baselines stable on hover
  PASS  creation style collapses the status bar row so the terminal drawer sits directly below the chat pane
  PASS  the single terminal session keeps a visible close control
  PASS  terminal panel refreshes changed capability while reusing an in-flight first-open request
  PASS  rapid tab switches cannot paint the previous tab's terminal or selection action
  PASS  terminal tab strip does not duplicate the header's new-session action
  PASS  terminal header renders the backend-approved shell options
  PASS  new terminal sessions use the selected shell
  PASS  new terminal sessions are not hard-coded to the default shell
  PASS  pointer and keyboard intent prefetch the terminal chunk before opening from the topic bar
  PASS  the warm terminal pauses PTY output while collapsed and resumes from its output cursor
  PASS  terminal selection-to-chat exposes the shared configurable shortcut
  PASS  C1: dock width never consumes the chat 400px floor (chat stays readable)
  PASS  C1: wider viewport gives the dock more room, chat floor untouched

39 passed, 0 failed, 39 total

▶ src/__tests__/workspace-panel-commands.test.tsx
workspace commands: scoped restoration, Creation, preview/maximize, remote requests and synchronous disposal passed

▶ src/__tests__/workspace-panel-open-migration.test.ts

workspace dock-open legacy key migration (CLAIM.PERSIST.014)
  PASS  project key missing + legacy global closed => stays closed
  PASS  project key missing + legacy global open => stays open
  PASS  project key present wins over legacy global
  PASS  neither key present => default open

workspace dock-open migration: 4 passed, 0 failed

▶ src/__tests__/workspace-panel-swr-contract.test.ts
  PASS  workspace panel SWR and per-project restoration contract

▶ src/__tests__/workspace-path-copy.test.tsx

workspace path copy menu
  PASS  builds both path-copy actions
  PASS  exposes the localized relative-path label
  PASS  exposes the localized absolute-path label
  PASS  folder relative paths omit the tree-only trailing slash
  PASS  relative-path selection closes the menu
  PASS  absolute-path selection uses backend resolution
  PASS  copies the backend-resolved absolute path
  PASS  drops stale absolute-path results after the workspace scope changes

8 passed, 0 failed, 8 total

▶ src/__tests__/workspace-split.test.ts

workspace file split
  PASS  first split divides the file area evenly (no tree rail to reserve)
  PASS  tree width is clamped so the preview keeps its minimum width
  PASS  tree resize pointer coordinates start at the panel's left edge
  PASS  tree resize pointer clamps against the preview minimum
  PASS  right-side tree width is measured from the pointer to the panel's right edge
  PASS  right-side tree maximum keeps space for the preview
  PASS  default split recomputes evenly after the parent preview width applies
  PASS  manual split width is preserved when the parent width changes
  PASS  outer file area can still shrink below split target width
  PASS  file tree collapses before tree and preview would overflow a narrow panel
  PASS  file tree remains available at the exact split minimum width
  PASS  file tree stays visible until the measured panel width is known
  PASS  closing the current preview falls back to the previous recent file
  PASS  closing one preview preserves the other recent files
  PASS  opening the first preview initializes an even file split
  PASS  switching files while preview and tree are visible preserves the manual split
  PASS  revealing the hidden tree initializes an even file split
  PASS  entering manual resize from even split keeps the currently rendered tree width
  PASS  pending file reveal scrolls once the selected row is present
  PASS  manual folder changes do not re-scroll to the previous selected file
  PASS  pending file reveal waits until async directory loading exposes the row
  PASS  workspace filter merges backend deep search results without duplicating loaded rows
  PASS  workspace filter normalizes directory search results to tree row paths

23 passed, 0 failed

▶ src/__tests__/workspace-tree-memory.test.ts

versioned per-project workspace memory
  PASS  restores the file selection independently
  PASS  restores the change selection independently
  PASS  restores expanded directories and tree scroll
  PASS  restores both outer dock widths
  PASS  keeps project state isolated by key
  PASS  writes an explicit schema version
  PASS  keeps high-frequency scroll updates off the synchronous storage path
  PASS  updates the in-memory scroll position immediately
  PASS  coalesces 120 scroll updates into one durable write
  PASS  allows at most one persistence scheduling frame
  PASS  waits for the quiet-period timer after the frame
  PASS  persists the final project once after the quiet period
  PASS  flushes pending state before a scope or page exit
  PASS  safely ignores storage from an unsupported future schema
  PASS  a corrupt cache cannot prevent workspace startup

15 passed, 0 failed, 15 total

▶ src/__tests__/workspace-tree-scroll-restore.test.tsx

workspace tree scroll restore (CLAIM.TREE.008)
  PASS  fixture has a real scrollable extent
  PASS  initial mount restores the persisted DOM scroll offset
  PASS  restoration preserves the persisted localStorage offset
  PASS  persisted scroll offset survives remount in localStorage
  PASS  tree rows re-render after remount (got 23)
  PASS  dock-tab remount restores the actual DOM scroll offset
  PASS  files and changed view tabs render in the fixture
  PASS  tree rows re-render after files<->changed view switch
  PASS  view restores its own DOM offset 160
  PASS  view restores its own DOM offset 420
  PASS  view restores its own DOM offset 160
  PASS  view offset survives storage reload

workspace tree scroll restore: 12 passed, 0 failed

▶ src/__tests__/workspace-turn-verification.test.tsx

workspace turn verification
  PASS  workspace overview does not imply the current turn covers all changes
  PASS  actual exit code appears with the historical command
  PASS  mutation receipts are not presented as a diff inventory
  PASS  later changes mark checks stale
  PASS  result panel has only view actions
  PASS  session switch immediately fences a historical request
  PASS  historical counts come from the frozen receipt
  PASS  a current summary refresh preserves the selected historical result
  PASS  a new turn fences the old reveal
  PASS  old session response cannot enable the new session file list
  PASS  late diff response is discarded after session replacement
  PASS  late log response is discarded after session replacement
  PASS  cleared logs remain explicitly unavailable

13 passed, 0 failed

▶ src/__tests__/workspace-view-memory.test.ts
PASS per-view navigation, project history/geometry, restart and legacy/future compatibility

▶ src/__tests__/worktree-merge-commands.test.tsx
worktree merge commands: overlay state, receipt gate, intent fences and close/finalize chain passed

▶ src/__tests__/worktree-merge-lifecycle.test.ts
worktree merge lifecycle tests passed

▶ src/__tests__/write-access-decision.test.tsx
  PASS  write-access card uses the directory-expansion title
  PASS  write-access card lists friendly directories
  PASS  write-access card shows justification
  PASS  home grant shows the high-risk warning
  PASS  merged Ask permission is explained
  PASS  write-access approval has four options: expected 4, got 4
  PASS  first option is allow once
  PASS  second option is session grant
  PASS  third option persists to the project
  PASS  fourth option is deny
  PASS  clicking session only selects: expected 0, got 0
  PASS  write-access confirm submits once: expected 1, got 1
  PASS  session maps to (true,true,false): expected "[true,true,false]", got "[true,true,false]"

run-tests: all 337 suites passed
